SPAC IPO ,Date of IPO,CUSIP,MergeKey,ClosestMatch
Aetherium Acquisition Corp.,12/29/2021,00809J200,Aetherium Acq,"('Aetherium Acq', 90, 15110)"
Welsbach Technology Metals Acquisition Corp.,12/27/2021,950415208,Metals Acquisition Corp,"('Metals Acquisition Corp', 90, 14740)"
Arogo Capital Acquisition Corp.,12/23/2021,42644203,AR Capital Acquisition Corp,"('AR Capital Acquisition Corp', 95, 12564)"
Gardiner Healthcare Acquisitions Corp.,12/21/2021,365506203,Healthcare Acquisition,"('Healthcare Acquisition', 90, 7056)"
Larkspur Health Acquisition Corp.,12/20/2021,51724W206,Larkspur Health Acquisition Co,"('Larkspur Health Acquisition Co', 97, 15104)"
Sagaliam Acquisition Corp.,12/20/2021,78661R205,Sagaliam Acquisition Corp,"('Sagaliam Acquisition Corp', 100, 15105)"
NorthView Acquisition Corp.,12/20/2021,66718N202,NorthView Acquisition Corp,"('NorthView Acquisition Corp', 100, 15103)"
Revelstone Capital Acquisition Corp.,12/16/2021,76137R205,Revelstone Capital Acquisition,"('Revelstone Capital Acquisition', 95, 15102)"
AP Acquisition Corp.,12/16/2021,G04058122,AP Acquisition Corp,"('AP Acquisition Corp', 100, 15101)"
CF Acquisition Corp. VII,12/15/2021,12521H206,CF Acquisition Corp. VII,"('CF Acquisition Corp. VII', 100, 15096)"
Ault Disruptive Technologies Corp.,12/15/2021,05150A203,Ault Disruptive Technologies C,"('Ault Disruptive Technologies C', 95, 15095)"
FTAC Emerald Acquisition Corp.,12/15/2021,29103K209,FTAC Emerald Acquisition Corp,"('FTAC Emerald Acquisition Corp', 100, 15097)"
Spree Acquisition Corp. 1 Ltd,12/15/2021,G83745110,Spree Acquisition Corp. 1 Ltd,"('Spree Acquisition Corp. 1 Ltd', 100, 15100)"
Swiftmerge Acquisition Corp.,12/14/2021,G63836129,Swiftmerge Acquisition Corp,"('Swiftmerge Acquisition Corp', 100, 15094)"
EVe Mobility Acquisition Corp.,12/14/2021,G3218G125,EVe Mobility Acquisition Corp,"('EVe Mobility Acquisition Corp', 100, 15089)"
Pearl Holdings Acquisition Corp.,12/14/2021,G44525122,Pearl Holdings Acquisition Cor,"('Pearl Holdings Acquisition Cor', 98, 15092)"
Investcorp Europe Acquisition Corp. I,12/14/2021,G4923T121,Investcorp Europe Acquisition,"('Investcorp Europe Acquisition', 95, 15091)"
Ahren Acquisition Corp.,12/14/2021,G01322117,Ahren Acquisition Corp.,"('Ahren Acquisition Corp.', 100, 15087)"
Battery Future Acquisition Corp.,12/14/2021,G0888J116,Battery Future Acquisition Cor,"('Battery Future Acquisition Cor', 98, 15088)"
Kairous Acquisition Corp. Ltd.,12/13/2021,G52131102,Kairous Acquisition Corp Ltd,"('Kairous Acquisition Corp Ltd', 98, 15085)"
BurTech Acquisition Corp.,12/10/2021,123013203,BurTech Acquisition Corp.,"('BurTech Acquisition Corp.', 100, 15083)"
Trajectory Alpha Acquisition Corp.,12/9/2021,89301B203,Trajectory Alpha Acquisition C,"('Trajectory Alpha Acquisition C', 95, 15081)"
Financial Strategies Acquisition Corp.,12/9/2021,31772T206,Financial Strategies Acquisiti,"('Financial Strategies Acquisiti', 90, 15075)"
Power & Digital Infrastructure Acquisition II Corp.,12/9/2021,73919C209,Power & Digital,"('Power & Digital', 90, 14256)"
Healthcare AI Acquisition Corp.,12/9/2021,G4373K125,Healthcare AI Acquisition Corp,"('Healthcare AI Acquisition Corp', 100, 15078)"
Athena Technology Acquisition Corp. II,12/9/2021,04687C204,Athena Technology Acquisition,"('Athena Technology Acquisition', 95, 15074)"
Forbion European Acquisition Corp.,12/9/2021,G3619H128,Forbion European Acquisition C,"('Forbion European Acquisition C', 95, 15076)"
Southport Acquisition Corp.,12/9/2021,84465L204,Southport Acquisition Corp,"('Southport Acquisition Corp', 100, 15080)"
Growth For Good Acquisition Corp.,12/9/2021,G41522122,Growth for Good Acquisition Co,"('Growth for Good Acquisition Co', 97, 15077)"
Target Global Acquisition I Corp.,12/8/2021,G8675N117,Target Global Acquisition I Co,"('Target Global Acquisition I Co', 97, 15073)"
Jackson Acquisition Co.,12/8/2021,46653C205,Jackson Acquisition Co,"('Jackson Acquisition Co', 100, 15069)"
Inception Growth Acquisition Ltd.,12/8/2021,45333D203,Inception Growth Acquisition L,"('Inception Growth Acquisition L', 97, 15067)"
Emerging Markets Horizon Corp.,12/8/2021,G3033X113,Emerging Markets Horizon Corp,"('Emerging Markets Horizon Corp', 100, 15064)"
Sculptor Acquisition Corp. I,12/8/2021,G7T983129,Sculptor Acquisition Corp I,"('Sculptor Acquisition Corp I', 98, 15072)"
Integrated Wellness Acquisition Corp.,12/8/2021,G4828B126,Integrated Wellness Acquisitio,"('Integrated Wellness Acquisitio', 91, 15068)"
Genesis Growth Tech Acquisition Corp.,12/8/2021,G3R23D110,Genesis Growth Tech Acquisitio,"('Genesis Growth Tech Acquisitio', 91, 15065)"
Crypto 1 Acquisition Corp.,12/7/2021,G3168A128,Crypto 1 Acquisition Corp,"('Crypto 1 Acquisition Corp', 100, 15058)"
Jupiter Wellness Acquisition Corp.,12/6/2021,4.82E+211,Jupiter Acquisition Corp,"('Jupiter Acquisition Corp', 95, 14785)"
Motive Capital Corp. II,12/6/2021,G6293R122,Motive Capital Corp II,"('Motive Capital Corp II', 98, 15061)"
APx Acquisition Corp. I,12/6/2021,G0440J117,APx Acquisition Corp I,"('APx Acquisition Corp I', 98, 15057)"
Globalink Investment Inc.,12/6/2021,37892F208,Globalink Investment Inc,"('Globalink Investment Inc', 100, 15059)"
BioPlus Acquisition Corp.,12/2/2021,G11217109,BioPlus Acquisition Corp,"('BioPlus Acquisition Corp', 100, 15053)"
Blue Ocean Acquisition Corp.,12/2/2021,G1330L113,Blue Ocean Acquisition Corp,"('Blue Ocean Acquisition Corp', 100, 15054)"
ST Energy Transition I Ltd.,12/2/2021,G8465L123,ST Energy Transition I Ltd,"('ST Energy Transition I Ltd', 100, 15056)"
Bullpen Parlay Acquisition Co.,12/2/2021,G1792A126,Bullpen Parlay Acquisition Co,"('Bullpen Parlay Acquisition Co', 100, 15055)"
Games & Esports Experience Acquisition Corp.,12/1/2021,G3731J101,CEA Acquisition Corp,"('CEA Acquisition Corp', 87, 10251)"
ROC Energy Acquisition Corp.,12/1/2021,77118V207,ROC Energy Acquisition Corp,"('ROC Energy Acquisition Corp', 100, 15051)"
UTA Acquisition Corp.,12/1/2021,G9473A125,UTA Acquisition Corp,"('UTA Acquisition Corp', 100, 15052)"
TLGY Acquisition Corp.,11/30/2021,G8656T117,TLGY Acquisition Corp,"('TLGY Acquisition Corp', 100, 15049)"
Capitalworks Emerging Markets Acquisition Corp.,11/30/2021,G1889L118,Emerging Markets,"('Emerging Markets', 90, 5729)"
Roth CH Acquisition V Co.,11/30/2021,77867R209,Roth CH Acquisition V Co,"('Roth CH Acquisition V Co', 100, 15048)"
PROOF Acquisition Corp. I,11/30/2021,74349W203,PROOF Acquisition Corp I,"('PROOF Acquisition Corp I', 98, 15047)"
Canna-Global Acquisition Corp.,11/29/2021,13767K200,Canna-Global Acquisition Corp,"('Canna-Global Acquisition Corp', 100, 15045)"
Beard Energy Transition Acquisition Corp.,11/23/2021,07402Q200,KLR Energy Acquisition Corp,"('KLR Energy Acquisition Corp', 87, 12834)"
Everest Consolidator Acquisition Corp.,11/23/2021,29978K201,Everest Consolidator Acquisiti,"('Everest Consolidator Acquisiti', 90, 15043)"
Vahanna Tech Edge Acquisition I Corp.,11/23/2021,G9320Z125,KEYSTONE FOODS CORP,"('KEYSTONE FOODS CORP', 86, 3)"
8i Acquisition 2 Corp.,11/22/2021,G2956R111,8i Acquisition 2 Corp,"('8i Acquisition 2 Corp', 100, 15037)"
Mana Capital Acquisition Corp.,11/22/2021,56168P203,Mana Capital Acquisition Corp,"('Mana Capital Acquisition Corp', 100, 15039)"
Legato Merger Corp. II,11/22/2021,52473Y203,Legato Merger Corp II,"('Legato Merger Corp II', 98, 15038)"
FTAC Zeus Acquisition Corp.,11/18/2021,30320F205,FTAC Zeus Acquisition Corp.,"('FTAC Zeus Acquisition Corp.', 100, 15032)"
Crescera Capital Acquisition Corp.,11/18/2021,G26507122,Crescera Capital Acquisition C,"('Crescera Capital Acquisition C', 95, 15031)"
InFinT Acquisition Corp.,11/18/2021,G47862118,InFinT Acquisition Corp,"('InFinT Acquisition Corp', 100, 15034)"
Infinite Acquisition Corp.,11/18/2021,G48028115,Infinite Acquisition Corp.,"('Infinite Acquisition Corp.', 100, 15035)"
ALSP Orchid Acquisition Corp. I,11/18/2021,G0231L115,ALSP Orchid Acquisition Corp I,"('ALSP Orchid Acquisition Corp I', 98, 15030)"
bleuacacia Ltd.,11/17/2021,G11728121,bleuacacia ltd,"('bleuacacia ltd', 100, 15029)"
Seaport Global Acquisition II Corp.,11/17/2021,81221H204,Seaport Global Acquisition,"('Seaport Global Acquisition', 95, 14005)"
Arisz Acquisition Corp.,11/17/2021,40450207,Arisz Acquisition Corp.,"('Arisz Acquisition Corp.', 100, 15027)"
Nabors Energy Transition Corp.,11/16/2021,629567207,Nabors Energy Transition Corp.,"('Nabors Energy Transition Corp.', 100, 15022)"
ShoulderUp Technology Acquisition Corp.,11/16/2021,82537G203,ShoulderUP Technology Acquisit,"('ShoulderUP Technology Acquisit', 88, 15024)"
LF Capital Acquisition Corp. II,11/16/2021,50202D201,LF Capital Acquisition Corp II,"('LF Capital Acquisition Corp II', 98, 15021)"
Energem Corp.,11/15/2021,G30449113,Energem Corp,"('Energem Corp', 100, 15018)"
Integrated Rail & Resources Acquisition Corp.,11/11/2021,45827R205,Integrated Rail & Resources Ac,"('Integrated Rail & Resources Ac', 89, 15015)"
Mountain Crest Acquisition Corp. V,11/11/2021,62404B206,Mountain Crest Acquisition Cor,"('Mountain Crest Acquisition Cor', 94, 14646)"
LAMF Global Ventures Corp. I,11/10/2021,G5338L116,LAMF Global Ventures Corp I,"('LAMF Global Ventures Corp I', 98, 15007)"
VMG Consumer Acquisition Corp.,11/10/2021,91842V201,VMG Consumer Acquisition Corp,"('VMG Consumer Acquisition Corp', 100, 15010)"
Chain Bridge I,11/9/2021,G2061X128,Chain Bridge I,"('Chain Bridge I', 100, 15000)"
Arena Fortify Acquisition Corp.,11/9/2021,04005A203,Arena Fortify Acquisition Corp,"('Arena Fortify Acquisition Corp', 100, 14995)"
Ascendant Digital Acquisition Corp. III,11/9/2021,G05157121,Ascendant Digital Acquisition,"('Ascendant Digital Acquisition', 95, 14996)"
Blockchain Coinvestors Acquisition Corp. I,11/9/2021,G11765123,,
RCF Acquisition Corp.,11/9/2021,G7330C128,RCF Acquisition Corp,"('RCF Acquisition Corp', 100, 15002)"
Hunt Companies Acquisition Corp. I,11/8/2021,G46482116,Hunt Companies Acquisition Cor,"('Hunt Companies Acquisition Cor', 94, 14990)"
Apeiron Capital Investment Corp.,11/8/2021,03752A200,Apeiron Capital Investment Cor,"('Apeiron Capital Investment Cor', 98, 14987)"
OmniLit Acquisition Corp.,11/8/2021,68218C207,OmniLit Acquisition Corp.,"('OmniLit Acquisition Corp.', 100, 14991)"
Green Visor Financial Technology Acquisition Corp. I,11/8/2021,G4166K118,Green Visor Financial Technolo,"('Green Visor Financial Technolo', 90, 14989)"
DP Cap Acquisition Corp. I,11/8/2021,G2R05B118,DP Cap Acquisition Corp I,"('DP Cap Acquisition Corp I', 98, 14988)"
New Providence Acquisition Corp. II,11/4/2021,64823D201,New Providence Acquisition,"('New Providence Acquisition', 95, 13539)"
Mountain & Co. I Acquisition Corp.,11/4/2021,G6301J120,Mountain & Co. I Acquisition C,"('Mountain & Co. I Acquisition C', 95, 14983)"
Mercato Partners Acquisition Corp.,11/4/2021,58759A207,Mercato Partners Acquisition C,"('Mercato Partners Acquisition C', 95, 14972)"
Intelligent Medicine Acquisition Corp.,11/4/2021,45828D205,Intelligent Medicine Acquisiti,"('Intelligent Medicine Acquisiti', 90, 14981)"
Rigel Resource Acquisition Corp.,11/4/2021,G7573M122,Rigel Resource Acquisition Cor,"('Rigel Resource Acquisition Cor', 98, 14986)"
7 Acquisition Corp.,11/4/2021,G80694121,7 Acquisition Corp,"('7 Acquisition Corp', 100, 14978)"
Sizzle Acquisition Corp.,11/3/2021,8.30E+212,Sizzle Acquisition Corp,"('Sizzle Acquisition Corp', 100, 14975)"
Lionheart III Corp.,11/3/2021,536262207,Lionheart III Corp,"('Lionheart III Corp', 100, 14971)"
Spindletop Health Acquisition Corp.,11/3/2021,84854Q202,Spindletop Health Acquisition,"('Spindletop Health Acquisition', 95, 14976)"
Concord Acquisition Corp. III,11/3/2021,20607V205,Concord Acquisition Corp III,"('Concord Acquisition Corp III', 98, 14966)"
Juniper II Corp.,11/3/2021,48203N202,Juniper II Corp,"('Juniper II Corp', 100, 14969)"
Liberty Resources Acquisition Corp.,11/3/2021,53118A204,Liberty Resources Acquisition,"('Liberty Resources Acquisition', 95, 14970)"
Semper Paratus Acquisition Corp.,11/3/2021,G8028L123,Semper Paratus Acquisition Cor,"('Semper Paratus Acquisition Cor', 98, 14974)"
Digital Health Acquisition Corp.,11/3/2021,253893200,Digital Health Acquisition Cor,"('Digital Health Acquisition Cor', 98, 14967)"
Finnovate Acquisition Corp.,11/3/2021,G3R34K129,Finnovate Acquisition Corp.,"('Finnovate Acquisition Corp.', 100, 14968)"
Talon 1 Acquisition Corp.,11/3/2021,G86656124,Talon 1 Acquisition Corp,"('Talon 1 Acquisition Corp', 100, 14977)"
Trine II Acquisition Corp.,11/2/2021,G9059F126,Trine II Acquisition Corp,"('Trine II Acquisition Corp', 100, 14963)"
Fortune Rise Acquisition Corp.,11/2/2021,34969G201,Fortune Rise Acquisition Corp,"('Fortune Rise Acquisition Corp', 100, 14958)"
Integral Acquisition Corp. 1,11/2/2021,45827K200,Integral Acquisition Corp 1,"('Integral Acquisition Corp 1', 98, 14959)"
TG Venture Acquisition Corp.,11/2/2021,87251T208,TG Venture Acquisition Corp,"('TG Venture Acquisition Corp', 100, 14962)"
McLaren Technology Acquisition Corp.,11/2/2021,58176U208,McLaren Technology Acquisition,"('McLaren Technology Acquisition', 95, 14960)"
Onyx Acquisition Co. I,11/2/2021,G6755Q125,Onyx Acquisition Co I,"('Onyx Acquisition Co I', 98, 14961)"
Vision Sensing Acquisition Corp.,10/29/2021,92838J202,Vision Sensing Acquisition Cor,"('Vision Sensing Acquisition Cor', 98, 14955)"
SDCL Edge Acquisition Corp.,10/28/2021,G79471119,SDCL EDGE Acquisition Corp,"('SDCL EDGE Acquisition Corp', 100, 14951)"
Project Energy Reimagined Acquisition Corp.,10/28/2021,G72556122,,
Cactus Acquisition Corp. 1 Ltd.,10/28/2021,G1745A116,Cactus Acquisition Corp 1 Ltd,"('Cactus Acquisition Corp 1 Ltd', 98, 14947)"
AltEnergy Acquisition Corp.,10/28/2021,02157M207,AltEnergy Acquisition Corp,"('AltEnergy Acquisition Corp', 100, 14943)"
Arbor Rapha Capital Bioholdings Corp. I,10/28/2021,03881F203,Arbor Rapha Capital Bioholding,"('Arbor Rapha Capital Bioholding', 87, 14944)"
Perception Capital Corp. II,10/27/2021,G7007D128,Perception Capital Corp II,"('Perception Capital Corp II', 98, 14939)"
Focus Impact Acquisition Corp.,10/27/2021,34417L208,Focus Impact Acquisition Corp,"('Focus Impact Acquisition Corp', 100, 14937)"
Seaport Calibre Materials Acquisition Corp.,10/27/2021,812204204,,
Anthemis Digital Acquisitions I Corp.,10/27/2021,G03959122,Anthemis Digital Acquisitions,"('Anthemis Digital Acquisitions', 95, 14934)"
Deep Medicine Acquisition Corp.,10/26/2021,243733201,Deep Medicine Acquisition Corp,"('Deep Medicine Acquisition Corp', 100, 14924)"
LAVA Medtech Acquisition Corp.,10/26/2021,519345201,LAVA Medtech Acquisition Corp,"('LAVA Medtech Acquisition Corp', 100, 14927)"
Pyrophyte Acquisition Corp.,10/26/2021,G7308P119,Pyrophyte Acquisition Corp,"('Pyrophyte Acquisition Corp', 100, 14931)"
Innovative International Acquisition Corp.,10/26/2021,G4809M117,,
OPY Acquisition Corp. I,10/26/2021,671005205,OPY Acquisition Corp I,"('OPY Acquisition Corp I', 98, 14930)"
TKB Critical Technologies 1,10/26/2021,G88935104,TKB Critical Technologies 1,"('TKB Critical Technologies 1', 100, 14933)"
M3-Brigade Acquisition III Corp.,10/21/2021,55407R202,M3-Brigade Acquisition II Corp,"('M3-Brigade Acquisition II Corp', 98, 14353)"
Pegasus Digital Mobility Acquisition Corp.,10/21/2021,G69768128,,
Iconic Sports Acquisition Corp.,10/21/2021,G4712C123,Iconic Sports Acquisition Corp,"('Iconic Sports Acquisition Corp', 100, 14918)"
Newhold Investment Corp. II,10/20/2021,651450207,Newhold Investment Corp II,"('Newhold Investment Corp II', 98, 14911)"
GoGreen Investments Corp.,10/20/2021,G9461B127,GoGreen Investments Corp,"('GoGreen Investments Corp', 100, 14910)"
Global Technology Acquisition Corp. I,10/20/2021,G3934N123,Global Technology Acquisition,"('Global Technology Acquisition', 95, 14909)"
Accretion Acquisition Corp.,10/20/2021,00438Y206,Accretion Acquisition Corp,"('Accretion Acquisition Corp', 100, 14906)"
Thrive Acquisition Corp.,10/20/2021,G7158C127,Thrive Acquisition Corp,"('Thrive Acquisition Corp', 100, 14915)"
ExcelFin Acquisition Corp.,10/20/2021,30069X201,ExcelFin Acquisition Corp,"('ExcelFin Acquisition Corp', 100, 14908)"
Newcourt Acquisition Corp.,10/19/2021,G6448C111,Newcourt Acquisition Corp,"('Newcourt Acquisition Corp', 100, 14903)"
"Industrial Human Capital, Inc.",10/19/2021,45617P203,Industrial Human Capital Inc,"('Industrial Human Capital Inc', 98, 14902)"
Athena Consumer Acquisition Corp.,10/19/2021,04684M205,Athena Consumer Acquisition Co,"('Athena Consumer Acquisition Co', 97, 14898)"
Enterprise 4.0 Technology Acquisition Corp.,10/19/2021,G3137C122,,
Worldwide Webb Acquisition Corp.,10/19/2021,G97775129,Worldwide Webb Acquisition Cor,"('Worldwide Webb Acquisition Cor', 98, 14905)"
ESGEN Acquisition Corp.,10/19/2021,G3R95N129,Esgen Acquisition Corp,"('Esgen Acquisition Corp', 100, 14901)"
Fintech Ecosystem Development Corp.,10/18/2021,318136207,Fintech Ecosystem Development,"('Fintech Ecosystem Development', 95, 14896)"
Blockchain Moon Acquisition Corp.,10/18/2021,09370F208,Blockchain Moon Acquisition Co,"('Blockchain Moon Acquisition Co', 97, 14894)"
Sportsmap Tech Acquisition Corp.,10/18/2021,84921J207,Sportsmap Tech Acquisition Cor,"('Sportsmap Tech Acquisition Cor', 98, 14897)"
Achari Ventures Holdings Corp. I,10/15/2021,00444X200,Achari Ventures Holdings Corp.,"('Achari Ventures Holdings Corp.', 95, 14886)"
Compass Digital Acquisition Corp.,10/15/2021,G2476C115,Compass Digital Acquisition Co,"('Compass Digital Acquisition Co', 97, 14887)"
Founder SPAC,10/14/2021,G3661E122,Founder SPAC,"('Founder SPAC', 100, 14888)"
Sanaby Health Acquisition Corp. I,10/14/2021,79956P201,Sanaby Health Acquisition Corp,"('Sanaby Health Acquisition Corp', 95, 14892)"
PepperLime Health Acquisition Corp.,10/14/2021,G70021129,PepperLime Health Acquisition,"('PepperLime Health Acquisition', 95, 14891)"
Tristar Acquisition I Corp.,10/13/2021,G9074V122,Tristar Acquisition I Corp,"('Tristar Acquisition I Corp', 100, 14885)"
Black Mountain Acquisition Corp.,10/13/2021,09216A207,Black Mountain Acquisition Cor,"('Black Mountain Acquisition Cor', 98, 14880)"
Rose Hill Acquisition Corp.,10/13/2021,G7637J115,Rose Hill Acquisition Corp,"('Rose Hill Acquisition Corp', 100, 14884)"
Fat Projects Acquisition Corp.,10/12/2021,G3400W128,Fat Projects Acquisition Corp,"('Fat Projects Acquisition Corp', 100, 14878)"
Gesher I Acquisition Corp.,10/12/2021,G38537117,Gesher I Acquisition Corp,"('Gesher I Acquisition Corp', 100, 14875)"
Learn CW Investment Corp.,10/8/2021,G54157121,Learn CW Investment Corp,"('Learn CW Investment Corp', 100, 14871)"
Schultze Special Purpose Acquisition Corp. II,10/7/2021,808212203,Schultze Special Purpose Acq,"('Schultze Special Purpose Acq', 90, 13378)"
Maxpro Capital Acquisition Corp.,10/7/2021,57778T205,Maxpro Capital Acquisition Cor,"('Maxpro Capital Acquisition Cor', 98, 14872)"
Hawks Acquisition Corp.,10/7/2021,42032P207,Hawks Acquisition Corp,"('Hawks Acquisition Corp', 100, 14869)"
IX Acquisition Corp.,10/7/2021,G5000D129,IX Acquisition Corp,"('IX Acquisition Corp', 100, 14865)"
Avalon Acquisition Inc.,10/5/2021,5.34E+203,Avalon Acquisition Inc.,"('Avalon Acquisition Inc.', 100, 14860)"
Parsec Capital Acquisitions Corp.,10/5/2021,70184A207,Parsec Capital Acquisitions Co,"('Parsec Capital Acquisitions Co', 97, 14862)"
Enphys Acquisition Corp.,10/5/2021,G3167L125,Enphys Acquisition Corp,"('Enphys Acquisition Corp', 100, 14861)"
Phoenix Biotech Acquisition Corp.,10/5/2021,71902K204,Phoenix Biotech Acquisition Co,"('Phoenix Biotech Acquisition Co', 97, 14863)"
Mount Rainier Acquisition Corp.,10/4/2021,623006202,Mount Rainier Acquisition Corp,"('Mount Rainier Acquisition Corp', 100, 14859)"
Crixus BH3 Acquisition Corp.,10/4/2021,22677T201,Crixus BH3 Acquisition Co,"('Crixus BH3 Acquisition Co', 96, 14858)"
"dMY Technology Group, Inc. VI",9/30/2021,233247204,dMY Technology Group Inc VI,"('dMY Technology Group Inc VI', 96, 14857)"
Monterey Bio Acquisition Corp.,9/30/2021,61240F207,Monterey Bio Acquisition Corp,"('Monterey Bio Acquisition Corp', 100, 14855)"
Marblegate Acquisition Corp.,9/30/2021,56608A204,Marblegate Acquisition Corp,"('Marblegate Acquisition Corp', 100, 14854)"
Artemis Strategic Investment Corp.,9/29/2021,04303A202,Artemis Strategic Investment C,"('Artemis Strategic Investment C', 95, 14849)"
Home Plate Acquisition Corp.,9/29/2021,43734R202,Home Plate Acquisition Corp,"('Home Plate Acquisition Corp', 100, 14850)"
Hennessy Capital Investment Corp. VI,9/28/2021,42600H207,Hennessy Capital Investment VI,"('Hennessy Capital Investment VI', 95, 14846)"
MELI Kaszek Pioneer Corp.,9/28/2021,G5S74L106,MELI Kaszek Pioneer Corp,"('MELI Kaszek Pioneer Corp', 100, 14847)"
Parabellum Acquisition Corp.,9/27/2021,69901P208,Parabellum Acquisition Corp,"('Parabellum Acquisition Corp', 100, 14845)"
Berenson Acquisition Corp. I,9/27/2021,83690206,Berenson Acquisition Corp I,"('Berenson Acquisition Corp I', 98, 14843)"
"GigCapital5, Inc.",9/23/2021,37519U208,GigCapital5 Inc,"('GigCapital5 Inc', 97, 14841)"
Direct Selling Acquisition Corp.,9/23/2021,25460L202,Direct Selling Acquisition,"('Direct Selling Acquisition', 95, 14840)"
Live Oak Crestview Climate Acquisition Corp.,9/22/2021,538086208,Live Oak Crestview Climate Acq,"('Live Oak Crestview Climate Acq', 88, 14833)"
Inflection Point Acquisition Corp.,9/21/2021,G47874105,Inflection Point Acquisition,"('Inflection Point Acquisition', 95, 14829)"
Argus Capital Corp.,9/21/2021,04026L204,Argus Capital Corp,"('Argus Capital Corp', 100, 14827)"
HHG Capital Corp.,9/20/2021,G4R23P137,HHG Capital Corp,"('HHG Capital Corp', 100, 14825)"
SOAR Technology Acquisition Corp.,9/15/2021,G82472104,SOAR Technology Acquisition Co,"('SOAR Technology Acquisition Co', 97, 14824)"
Sierra Lake Acquisition Corp.,9/14/2021,826332207,Sierra Lake Acquisition Corp,"('Sierra Lake Acquisition Corp', 100, 14818)"
"CIIG Capital Partners II, Inc.",9/14/2021,12561U208,CIIG Capital Partners II Inc,"('CIIG Capital Partners II Inc', 98, 14809)"
Aesther Healthcare Acquisition Corp.,9/14/2021,00809L205,Healthcare Acquisition Corp,"('Healthcare Acquisition Corp', 95, 10686)"
WinVest Acquisition Corp.,9/14/2021,97655B208,WinVest Acquisition Corp,"('WinVest Acquisition Corp', 100, 14821)"
Endurance Acquisition Corp.,9/14/2021,G3041W123,Endurance Acquisition Corp,"('Endurance Acquisition Corp', 100, 14813)"
Pacifico Acquisition Corp.,9/13/2021,69512X202,Pacifico Acquisition Corp,"('Pacifico Acquisition Corp', 100, 14806)"
SilverSPAC Inc.,9/9/2021,G8136V120,SILVERspac Inc,"('SILVERspac Inc', 100, 14805)"
Bannix Acquisition Corp.,9/9/2021,66644204,Bannix Acquisition Corp,"('Bannix Acquisition Corp', 100, 14802)"
"First Light Acquisition Group, Inc.",9/9/2021,320703200,First Light Acquisition Group,"('First Light Acquisition Group', 95, 14803)"
Future Health ESG Corp.,9/9/2021,36118W201,Future Health ESG Corp,"('Future Health ESG Corp', 100, 14804)"
Banner Acquisition Corp.,9/7/2021,06654K200,Banner Acquisition Corp,"('Banner Acquisition Corp', 100, 14801)"
Digital World Acquisition Corp.,9/2/2021,25400Q204,Digital World Acquisition Corp,"('Digital World Acquisition Corp', 100, 14799)"
Oxus Acquisition Corp.,9/2/2021,G6859L113,Oxus Acquisition Corp,"('Oxus Acquisition Corp', 100, 14800)"
Insight Acquisition Corp.,9/1/2021,45784L209,Insight Acquisition Corp,"('Insight Acquisition Corp', 100, 14798)"
DTRT Health Acquisition Corp.,9/1/2021,23344T202,DTRT Health Acquisition Corp,"('DTRT Health Acquisition Corp', 100, 14797)"
Concord Acquisition Corp. II,8/31/2021,20607U207,Concord Acquisition Corp II,"('Concord Acquisition Corp II', 98, 14796)"
CHW Acquisition Corp.,8/30/2021,G2254A117,CHW Acquisition Corp,"('CHW Acquisition Corp', 100, 14793)"
Alpine Acquisition Corp.,8/30/2021,02083L208,,
Springwater Special Situations Corp.,8/25/2021,85205U206,Springwater Special Situations,"('Springwater Special Situations', 95, 14791)"
Minority Equality Opportunities Acquisition Inc.,8/25/2021,60436Q209,Minority Equality Opportunit,"('Minority Equality Opportunit', 90, 14789)"
Cascadia Acquisition Corp.,8/25/2021,14739D209,Cascadia Acquisition Corp,"('Cascadia Acquisition Corp', 100, 14788)"
Waverley Capital Acquisition Corp. 1,8/19/2021,G06536125,Waverley Capital Acquisition I,"('Waverley Capital Acquisition I', 92, 14787)"
Jupiter Acquisition Corp.,8/12/2021,482082203,,
CENAQ Energy Corp.,8/12/2021,15130M201,CENAQ Energy Corp,"('CENAQ Energy Corp', 100, 14782)"
Armada Acquisition Corp. I,8/12/2021,04208V202,Armada Acquisition Corp. I,"('Armada Acquisition Corp. I', 100, 14780)"
AxonPrime Infrastructure Acquisition Corp.,8/12/2021,05467C207,AxonPrime Infrastructure Acq,"('AxonPrime Infrastructure Acq', 87, 14781)"
Kensington Capital Acquisition Corp. V,8/12/2021,G5251K111,,
PHP Ventures Acquisition Corp.,8/11/2021,69291C205,PHP Ventures Acquisition Corp,"('PHP Ventures Acquisition Corp', 100, 14778)"
AfterNext HealthTech Acquisition Corp.,8/11/2021,G01109118,AfterNext HealthTech Acquisiti,"('AfterNext HealthTech Acquisiti', 90, 14776)"
Oxbridge Acquisition Corp.,8/11/2021,G6855L125,Oxbridge Acquisition Corp,"('Oxbridge Acquisition Corp', 100, 14777)"
TPB Acquisition Corp. I,8/10/2021,G8990L119,TPB Acquisition Corp I,"('TPB Acquisition Corp I', 98, 14774)"
10X Capital Venture Acquisition Corp. II,8/10/2021,G87076124,,
Chardan NexTech Acquisition 2 Corp.,8/10/2021,159561208,Chardan NexTech Acquisition 2,"('Chardan NexTech Acquisition 2', 95, 14771)"
Decarbonization Plus Acquisition Corp. IV,8/10/2021,G2773W129,Decarbonization Plus,"('Decarbonization Plus', 90, 14212)"
World Quantum Growth Acquisition Corp.,8/10/2021,G5596W119,World Quantum Growth Acquisiti,"('World Quantum Growth Acquisiti', 90, 14775)"
PONO Capital Corp.,8/10/2021,732450200,PONO Capital Corp,"('PONO Capital Corp', 100, 14773)"
Avista Public Acquisition Corp. II,8/9/2021,G07247110,Avista Public Acquisition Corp,"('Avista Public Acquisition Corp', 95, 14767)"
Conyers Park III Acquisition Corp.,8/9/2021,21289P201,Conyers Park Acquisition Corp,"('Conyers Park Acquisition Corp', 95, 12873)"
"Abri Spac I, Inc.",8/9/2021,00085X204,Abri Spac I Inc,"('Abri Spac I Inc', 97, 14766)"
Riverview Acquisition Corp.,8/5/2021,769395203,Riverview Acquisition Corp,"('Riverview Acquisition Corp', 100, 14763)"
Nova Vision Acquisition Corp.,8/5/2021,G6759A126,Nova Vision Acquisition Corp,"('Nova Vision Acquisition Corp', 100, 14762)"
Roth CH Acquisition IV Co.,8/5/2021,77867P203,Roth CH Acquisition IV Co,"('Roth CH Acquisition IV Co', 100, 14764)"
Gladstone Acquisition Corp.,8/4/2021,37653T207,Gladstone Acquisition Corp,"('Gladstone Acquisition Corp', 100, 14759)"
AMCI Acquisition Corp. II,8/3/2021,00166R209,AMCI Acquisition Corp II,"('AMCI Acquisition Corp II', 98, 14756)"
Blue Whale Acquisition Corp. I,8/3/2021,G1330M111,Blue Whale Acquisition Corp I,"('Blue Whale Acquisition Corp I', 98, 14757)"
Healthwell Acquisition Corp. I,8/2/2021,42227R208,Healthwell Acquisition Corp I,"('Healthwell Acquisition Corp I', 98, 14755)"
XPAC Acquisition Corp.,7/30/2021,G9831X114,XPAC Acquisition Corp,"('XPAC Acquisition Corp', 100, 14754)"
Software Acquisition Group Inc. III,7/28/2021,83407J202,Software Acquisition Group III,"('Software Acquisition Group III', 95, 14745)"
International Media Acquisition Corp.,7/28/2021,459867206,International Media Acquisitio,"('International Media Acquisitio', 91, 14739)"
Metals Acquisition Corp.,7/28/2021,G60405118,,
Alpha Partners Technology Merger Corp.,7/27/2021,G63290129,Alpha Partners Technology Merg,"('Alpha Partners Technology Merg', 90, 14730)"
Mercury Ecommerce Acquisition Corp.,7/27/2021,589381201,,
Alpha Healthcare Acquisition Corp. III,7/26/2021,02073F203,,
Williams Rowland Acquisition Corp.,7/26/2021,96951B201,Williams Rowland Acquisition,"('Williams Rowland Acquisition', 95, 14729)"
Belong Acquisition Corp.,7/22/2021,08069M201,Belong Acquisition Corp,"('Belong Acquisition Corp', 100, 14719)"
Portage Fintech Acquisition Corp.,7/20/2021,G7185D122,Portage Fintech Acquisition Co,"('Portage Fintech Acquisition Co', 97, 14709)"
TortoiseEcofin Acquisition Corp. III,7/19/2021,G8956E208,TortoiseEcofin Acquisition III,"('TortoiseEcofin Acquisition III', 95, 14705)"
Clover Leaf Capital Corp.,7/19/2021,1.89E+208,Clover Leaf Capital Corp,"('Clover Leaf Capital Corp', 100, 14703)"
Chavant Capital Acquisition Corp.,7/19/2021,G2058L129,Chavant Capital Acquisition Co,"('Chavant Capital Acquisition Co', 97, 14702)"
Bilander Acquisition Corp.,7/15/2021,09001T205,Bilander Acquisition Corp,"('Bilander Acquisition Corp', 100, 14691)"
StoneBridge Acquisition Corp.,7/15/2021,G85094111,StoneBridge Acquisition Corp,"('StoneBridge Acquisition Corp', 100, 14700)"
Black Spade Acquisition Co.,7/15/2021,G11537126,Black Spade Acquisition Co,"('Black Spade Acquisition Co', 100, 14692)"
TradeUP Acquisition Corp.,7/14/2021,89268A206,TradeUP Acquisition Corp,"('TradeUP Acquisition Corp', 100, 14690)"
JATT Acquisition Corp.,7/14/2021,G50752115,JATT Acquisition Corp,"('JATT Acquisition Corp', 100, 14679)"
CleanTech Acquisition Corp.,7/14/2021,18453L206,CleanTech Acquisition Corp,"('CleanTech Acquisition Corp', 100, 14680)"
Good Works II Acquisition Corp.,7/12/2021,38216G203,Good Works II Acquisition Corp,"('Good Works II Acquisition Corp', 100, 14674)"
Acropolis Infrastructure Acquisition Corp.,7/8/2021,5029202,EG Acquisition Corp,"('EG Acquisition Corp', 87, 14564)"
Galata Acquisition Corp.,7/8/2021,G3R23A124,Galata Acquisition Corp,"('Galata Acquisition Corp', 100, 14671)"
Agrico Acquisition Corp.,7/7/2021,G41089122,Agrico Acquisition Corp,"('Agrico Acquisition Corp', 100, 14666)"
Corsair Partnering Corp.,6/30/2021,G2540H124,Corsair Partnering Corp,"('Corsair Partnering Corp', 100, 14657)"
G3 VRM Acquisition Corp.,6/30/2021,362425209,G3 VRM Acquisition Corp,"('G3 VRM Acquisition Corp', 100, 14661)"
Frontier Investment Corp.,6/30/2021,G36816117,Frontier Investment Corp,"('Frontier Investment Corp', 100, 14660)"
Macondray Capital Acquisition Corp. I,6/30/2021,G5853A123,Macondray Capital Acquisition,"('Macondray Capital Acquisition', 95, 14664)"
Shelter Acquisition Corp. I,6/29/2021,822821203,Shelter Acquisition Corp I,"('Shelter Acquisition Corp I', 98, 14649)"
"Thunder Bridge Capital Partners IV, Inc.",6/29/2021,88605L206,Thunder Bridge Capital IV Inc,"('Thunder Bridge Capital IV Inc', 95, 14654)"
Mountain Crest Acquisition Corp. IV,6/29/2021,62403K207,,
Elliott Opportunity II Corp.,6/28/2021,G30092129,Elliott Opportunity II Corp,"('Elliott Opportunity II Corp', 100, 14637)"
FinTech Acquisition Corp. VI,6/23/2021,31811H205,FinTech Acquisition Corp VI,"('FinTech Acquisition Corp VI', 98, 14623)"
Northern Lights Acquisition Corp.,6/23/2021,66538L204,Northern Lights Acquisition Co,"('Northern Lights Acquisition Co', 97, 14627)"
Coliseum Acquisition Corp.,6/22/2021,G2263T115,L&L Acquisition Corp,"('L&L Acquisition Corp', 89, 11707)"
Golden Path Acquisition Corp.,6/22/2021,G4028H139,Golden Path Acquisition Corp,"('Golden Path Acquisition Corp', 100, 14615)"
JAWS Juggernaut Acquisition Corp.,6/17/2021,G50735128,,
Corner Growth Acquisition Corp. 2,6/16/2021,G2426E112,Corner Growth Acquisition Corp,"('Corner Growth Acquisition Corp', 95, 14060)"
Rice Acquisition Corp. II,6/15/2021,G75529118,Rice Acquisition Corp II,"('Rice Acquisition Corp II', 98, 14598)"
Zimmer Energy Transition Acquisition Corp.,6/15/2021,989570205,Zimmer Energy Transition Acq,"('Zimmer Energy Transition Acq', 87, 14600)"
"G Squared Ascend II, Inc.",6/14/2021,G42041114,G Squared Ascend II Inc,"('G Squared Ascend II Inc', 98, 14596)"
Dila Capital Acquisition Corp.,6/14/2021,254028202,DILA Capital Acquisition Corp,"('DILA Capital Acquisition Corp', 100, 14595)"
Jaws Hurricane Acquisition Corp.,6/10/2021,47201B202,Jaws Acquisition Corp,"('Jaws Acquisition Corp', 95, 13669)"
Logistics Innovation Technologies Corp.,6/10/2021,54141L209,Logistics Innovation Tech,"('Logistics Innovation Tech', 90, 14592)"
Lakeshore Acquisition I Corp.,6/10/2021,G53521129,Lakeshore Acquisition I Corp,"('Lakeshore Acquisition I Corp', 100, 14591)"
Summit Healthcare Acquisition Corp.,6/9/2021,G8566R128,,
Blue Safari Group Acquisition Corp.,6/9/2021,G1195R122,,
Global Consumer Acquisition Corp.,6/8/2021,37892B207,Global Consumer Acquisition,"('Global Consumer Acquisition', 95, 11373)"
Colombier Acquisition Corp.,6/8/2021,19533H207,COLOMBIER ACQUISITION CORP. II,"('COLOMBIER ACQUISITION CORP. II', 95, 15437)"
SPK Acquisition Corp.,6/7/2021,848651204,SPK Acquisition Corp,"('SPK Acquisition Corp', 100, 14576)"
OceanTech Acquisitions I Corp.,5/27/2021,675507206,OceanTech Acquisitions I Corp,"('OceanTech Acquisitions I Corp', 100, 14574)"
Post Holdings Partnering Corp.,5/25/2021,737465203,Post Holdings Partnering Corp,"('Post Holdings Partnering Corp', 100, 14568)"
EG Acquisition Corp.,5/25/2021,26846A209,,
Graf Acquisition Corp. IV,5/21/2021,384272209,Graf Acquisition Corp IV,"('Graf Acquisition Corp IV', 98, 14561)"
Angel Pond Holdings Corp.,5/18/2021,G0447J110,Angel Pond Holdings Corp,"('Angel Pond Holdings Corp', 100, 14551)"
Aries I Acquisition Corp.,5/18/2021,G0542N115,Ares Acquisition Corp,"('Ares Acquisition Corp', 93, 14197)"
Catalyst Partners Acquisition Corp.,5/18/2021,G19550113,HD Partners Acquisition Corp,"('HD Partners Acquisition Corp', 89, 10915)"
Skydeck Acquisition Corp.,5/18/2021,G82220107,Skydeck Acquisition Corp,"('Skydeck Acquisition Corp', 100, 14557)"
"GigInternational1, Inc.",5/18/2021,37518W205,Giginternational1 Inc,"('Giginternational1 Inc', 98, 14556)"
Mountain Crest Acquisition Corp. III,5/17/2021,62402U206,,
Artisan Acquisition Corp.,5/13/2021,G0509L110,Artisan Acquisition Corp.,"('Artisan Acquisition Corp.', 100, 14546)"
Osiris Acquisition Corp.,5/13/2021,68829A202,Orisun Acquisition Corp,"('Orisun Acquisition Corp', 91, 13532)"
Orion Biotech Opportunities Corp.,5/12/2021,G6780C125,Orion Biotech Opportunities,"('Orion Biotech Opportunities', 95, 14545)"
B. Riley Principal 250 Merger Corp.,5/7/2021,05602L203,B. Riley Principal Merger Corp,"('B. Riley Principal Merger Corp', 95, 13435)"
Data Knights Acquisition Corp.,5/7/2021,237699202,,
Maquia Capital Acquisition Corp.,5/4/2021,56564V200,,
Valor Latitude Acquisition Corp.,5/3/2021,G9460N114,Altitude Acquisition Corp,"('Altitude Acquisition Corp', 89, 14024)"
"Big Sky Growth Partners, Inc.",4/28/2021,08954L201,Big Sky Growth Partners Inc,"('Big Sky Growth Partners Inc', 98, 14522)"
TradeUP Global Corp.,4/28/2021,G89877123,TradeUP Global Corp,"('TradeUP Global Corp', 100, 14525)"
Global SPAC Partners Co.,4/8/2021,G3934K137,Global SPAC Partners Co,"('Global SPAC Partners Co', 100, 14490)"
Aldel Financial Inc.,4/8/2021,01407X203,Aldel Financial Inc,"('Aldel Financial Inc', 100, 14489)"
Tio Tech A,4/7/2021,G8T10C122,Tio Tech A,"('Tio Tech A', 100, 14488)"
Model Performance Acquisition Corp.,4/7/2021,G6246M113,,
CM Life Sciences III Inc.,4/6/2021,125841205,CM Life Sciences III Inc,"('CM Life Sciences III Inc', 100, 14485)"
Ace Global Business Acquisition Ltd.,4/5/2021,G0083E128,Gulf Canada Ltd,"('Gulf Canada Ltd', 86, 150)"
Nocturne Acquisition Corp.,3/31/2021,G6580S122,,
"Landcadia Holdings IV, Inc.",3/24/2021,51477A203,Landcadia Holdings IV Inc,"('Landcadia Holdings IV Inc', 98, 14461)"
Northern Genesis Acquisition Corp. III,3/24/2021,66516W206,Northern Genesis Acq Corp III,"('Northern Genesis Acq Corp III', 88, 14457)"
MSD Acquisition Corp.,3/24/2021,G5709C117,MSD Acquisition Corp,"('MSD Acquisition Corp', 100, 14463)"
Corazon Capital V838 Monoceros Corp.,3/23/2021,G24237110,Corazon Capital V838,"('Corazon Capital V838', 90, 14451)"
Decarbonization Plus Acquisition Corp. III,3/23/2021,24279D204,,
Disruptive Acquisition Corp. I,3/23/2021,G2770Y110,Disruptive Acquisition Corp I,"('Disruptive Acquisition Corp I', 98, 14454)"
Newbury Street Acquisition Corp.,3/22/2021,65101L203,,
ArcLight Clean Transition Corp. II,3/22/2021,G0R21B120,ArcLight Clean Transition Corp,"('ArcLight Clean Transition Corp', 95, 13845)"
Rocket Internet Growth Opportunities Corp.,3/22/2021,G7613T111,Rocket Internet Growth,"('Rocket Internet Growth', 90, 14445)"
TB SA Acquisition Corp.,3/22/2021,G8657L113,TB SA Acquisition Corp,"('TB SA Acquisition Corp', 100, 14447)"
Virgin Group Acquisition Corp. II,3/22/2021,G9460K110,,
"Supernova Partners Acquisition Co. III, Ltd.",3/22/2021,G8T90F110,Supernova Partners Acq Co III,"('Supernova Partners Acq Co III', 88, 14446)"
"Gores Guggenheim, Inc.",3/22/2021,38286Q206,Gores Guggenheim Inc,"('Gores Guggenheim Inc', 98, 14439)"
Magnum Opus Acquisition Ltd.,3/22/2021,G5S70A120,,
"Lead Edge Growth Opportunities, Ltd.",3/22/2021,G54085124,Lead Edge Growth Opportunities,"('Lead Edge Growth Opportunities', 95, 14440)"
NextGen Acquisition Corp. II,3/22/2021,G65317110,NextGen Acquisition Corp II,"('NextGen Acquisition Corp II', 98, 14444)"
Glass Houses Acquisition Corp.,3/22/2021,37714P202,Glass Houses Acquisition Corp,"('Glass Houses Acquisition Corp', 100, 14438)"
LDH Growth Corp. I,3/18/2021,G54094118,LDH Growth Corp I,"('LDH Growth Corp I', 97, 14433)"
Longview Acquisition Corp. II,3/18/2021,54319Q204,Longview Acquisition Corp. II,"('Longview Acquisition Corp. II', 100, 14435)"
Levere Holdings Corp.,3/18/2021,G5462L114,Levere Holdings Corp,"('Levere Holdings Corp', 100, 14434)"
Glenfarne Merger Corp.,3/18/2021,378579205,Glenfarne Merger Corp,"('Glenfarne Merger Corp', 100, 14431)"
AF Acquisition Corp.,3/18/2021,1040203,,
BYTE Acquisition Corp.,3/18/2021,G1R25Q121,BYTE Acquisition Corp,"('BYTE Acquisition Corp', 100, 14428)"
American Acquisition Opportunity Inc.,3/17/2021,02369M201,American Acq Opportunity Inc,"('American Acq Opportunity Inc', 88, 14417)"
Forum Merger IV Corp.,3/17/2021,349875203,Forum Merger IV Corp,"('Forum Merger IV Corp', 100, 14419)"
GX Acquisition Corp. II,3/17/2021,36260F204,GX Acquisition Corp II,"('GX Acquisition Corp II', 98, 14420)"
Revolution Healthcare Acquisition Corp.,3/17/2021,76155Y207,,
Accelerate Acquisition Corp.,3/17/2021,00439D201,Accelerate Acquisition Corp,"('Accelerate Acquisition Corp', 100, 14416)"
KKR Acquisition Holdings I Corp.,3/16/2021,48253T208,KKR Acquisition Holdings I,"('KKR Acquisition Holdings I', 95, 14411)"
Athena Technology Acquisition Corp.,3/16/2021,04687A208,,
Tech & Energy Transition Corp.,3/16/2021,87823R201,Tech & Energy Transition Corp,"('Tech & Energy Transition Corp', 100, 14415)"
Golden Arrow Merger Corp.,3/16/2021,380799205,Golden Arrow Merger Corp,"('Golden Arrow Merger Corp', 100, 14409)"
Kadem Sustainable Impact Corp.,3/16/2021,4.83E+208,Kadem Sustainable Impact Corp,"('Kadem Sustainable Impact Corp', 100, 14412)"
Build Acquisition Corp.,3/16/2021,12008J204,,
Reinvent Technology Partners Y,3/15/2021,G7484L114,Reinvent Technology Partners Y,"('Reinvent Technology Partners Y', 100, 14405)"
European Biotech Acquisition Corp.,3/15/2021,G3167F110,,
Fortress Value Acquisition Corp. IV,3/15/2021,34964K207,Fortress Value Acquisition,"('Fortress Value Acquisition', 95, 13659)"
Plum Acquisition Corp. I,3/15/2021,G7134L100,Plum Acquisition Corp I,"('Plum Acquisition Corp I', 98, 14404)"
Waldencast Acquisition Corp.,3/15/2021,G9460C126,Waldencast Acquisition Corp,"('Waldencast Acquisition Corp', 100, 14406)"
FAST Acquisition Corp. II,3/15/2021,311874200,FAST Acquisition Corp II,"('FAST Acquisition Corp II', 98, 14402)"
"Gores Technology Partners II, Inc.",3/11/2021,38287L206,Gores Technology Partners II,"('Gores Technology Partners II', 95, 14394)"
"Gores Technology Partners, Inc.",3/11/2021,382870202,,
Ross Acquisition Corp. II,3/11/2021,G7641C122,Ross Acquisition Corp II,"('Ross Acquisition Corp II', 98, 14399)"
FTAC Parnassus Acquisition Corp.,3/11/2021,30319B207,,
Stratim Cloud Acquisition Corp.,3/11/2021,86309R206,Stratim Cloud Acquisition Corp,"('Stratim Cloud Acquisition Corp', 100, 14400)"
CF Acquisition Corp. VIII,3/11/2021,12520C208,CF Acquisition Corp VIII,"('CF Acquisition Corp VIII', 98, 14391)"
Silver Spike Acquisition Corp. II,3/10/2021,G8201H121,Silver Run Acquisition II Corp,"('Silver Run Acquisition II Corp', 88, 12969)"
G&P Acquisition Corp.,3/10/2021,36146G202,G&P Acquisition Corp,"('G&P Acquisition Corp', 100, 14387)"
Archimedes Tech SPAC Partners Co.,3/10/2021,39562202,Archimedes Tech SPAC Partners,"('Archimedes Tech SPAC Partners', 95, 14383)"
Frontier Acquisition Corp.,3/10/2021,G36826116,,
Pine Technology Acquisition Corp.,3/10/2021,722850203,,
L Catterton Asia Acquisition Corp.,3/10/2021,G5346G109,L Catterton Asia Acquisition,"('L Catterton Asia Acquisition', 95, 14388)"
Agile Growth Corp.,3/9/2021,G01202129,Agile Growth Corp,"('Agile Growth Corp', 100, 14374)"
Digital Transformation Opportunities Corp.,3/9/2021,25401K206,Digital Transformation,"('Digital Transformation', 90, 14376)"
Colonnade Acquisition Corp. II,3/9/2021,G2284B127,Colonnade Acquisition Corp II,"('Colonnade Acquisition Corp II', 98, 14375)"
Sandbridge X2 Corp.,3/9/2021,799792205,Sandbridge X2 Corp,"('Sandbridge X2 Corp', 100, 14381)"
Forest Road Acquisition Corp. II,3/9/2021,34619V202,Forest Road Acquisition Corp,"('Forest Road Acquisition Corp', 95, 14002)"
ESM Acquisition Corp.,3/9/2021,G3195H120,ESM Acquisition Corp,"('ESM Acquisition Corp', 100, 14377)"
PWP Forward Acquisition Corp. I,3/9/2021,74709Q200,PWP Forward Acquisition Corp I,"('PWP Forward Acquisition Corp I', 98, 14379)"
Peridot Acquisition Corp. II,3/8/2021,G7008B113,Peridot Acquisition Corp II,"('Peridot Acquisition Corp II', 98, 14371)"
Independence Holdings Corp.,3/8/2021,G4761A119,Independence Holdings Corp,"('Independence Holdings Corp', 100, 14370)"
VPC Impact Acquisition Holdings II,3/4/2021,G9460L100,II MORROW INC.,"('II MORROW INC.', 86, 1286)"
Tribe Capital Growth Corp. I,3/4/2021,89601Y200,Tribe Capital Growth Corp I,"('Tribe Capital Growth Corp I', 98, 14364)"
"VPC Impact Acquisition Holdings III, Inc.",3/4/2021,91835J207,SP Acquisition Holdings Inc,"('SP Acquisition Holdings Inc', 89, 11310)"
First Reserve Sustainable Growth Corp.,3/4/2021,336169206,First Reserve Sustainable,"('First Reserve Sustainable', 95, 14358)"
Property Solutions Acquisition Corp. II,3/4/2021,74350A207,Property Solutions Acq Corp II,"('Property Solutions Acq Corp II', 88, 14354)"
Interprivate II Acquisition Corp.,3/4/2021,46064Q207,,
Interprivate III Financial Partners Inc.,3/4/2021,46064R205,InterPrivate III Financial,"('InterPrivate III Financial', 90, 14360)"
InterPrivate IV InfraTech Partners Inc.,3/4/2021,46064T201,InterPrivate IV InfraTech,"('InterPrivate IV InfraTech', 90, 14361)"
Warburg Pincus Capital Corp. I-A,3/4/2021,G9461D123,Warburg Pincus Capital I-A,"('Warburg Pincus Capital I-A', 95, 14367)"
Warburg Pincus Capital Corp. I-B,3/4/2021,G9460M116,Warburg Pincus Capital I-B,"('Warburg Pincus Capital I-B', 95, 14368)"
"dMY Technology Group, Inc. IV",3/4/2021,23344K201,Dmy Technology Group Inc IV,"('Dmy Technology Group Inc IV', 96, 14357)"
Tailwind Two Acquisition Corp.,3/4/2021,G86613117,Tailwind Acquisition Corp,"('Tailwind Acquisition Corp', 95, 13810)"
Twin Ridge Capital Acquisition Corp.,3/3/2021,G9151L112,,
Altimar Acquisition Corp. III,3/3/2021,G0370U124,Altimar Acquisition Corp III,"('Altimar Acquisition Corp III', 98, 14347)"
FTAC Hera Acquisition Corp.,3/3/2021,G3728Y129,FTAC Hera Acquisition Corp,"('FTAC Hera Acquisition Corp', 100, 14350)"
Atlantic Coastal Acquisition Corp.,3/3/2021,48453203,Atlantic Acquisition Corp,"('Atlantic Acquisition Corp', 95, 13051)"
RXR Acquisition Corp.,3/3/2021,74981W206,RXR Acquisition Corp,"('RXR Acquisition Corp', 100, 14355)"
Aurora Acquisition Corp.,3/3/2021,G0698L111,Aurora Acquisition Corp,"('Aurora Acquisition Corp', 100, 14349)"
M3-Brigade Acquisition II Corp.,3/3/2021,553800202,,
Roth CH Acquisition III Co.,3/2/2021,77867Q201,Roth CH Acquisition III Co,"('Roth CH Acquisition III Co', 100, 14346)"
Isos Acquisition Corp.,3/2/2021,G4962C120,Isos Acquisition Corp,"('Isos Acquisition Corp', 100, 14343)"
Live Oak Mobility Acquisition Corp.,3/2/2021,538126202,Live Oak Acquisition Corp,"('Live Oak Acquisition Corp', 95, 13663)"
Mission Advancement Corp.,3/2/2021,60501L200,Mission Advancement Corp,"('Mission Advancement Corp', 100, 14344)"
Arrowroot Acquisition Corp.,3/2/2021,04282M201,Arrowroot Acquisition Corp,"('Arrowroot Acquisition Corp', 100, 14330)"
Goldenbridge Acquisition Ltd.,3/1/2021,G3970D112,Goldenbridge Acquisition Ltd,"('Goldenbridge Acquisition Ltd', 100, 14334)"
Northern Star Investment Corp. IV,3/1/2021,66575B200,Northern Star Invest Corp IV,"('Northern Star Invest Corp IV', 92, 14339)"
Northern Star Investment Corp. III,3/1/2021,66574L209,Northern Star Invest Corp III,"('Northern Star Invest Corp III', 92, 14338)"
TCW Special Purpose Acquisition Corp.,3/1/2021,87301L205,TCW Special Purpose Acq Corp,"('TCW Special Purpose Acq Corp', 88, 14342)"
"Advanced Merger Partners, Inc.",3/1/2021,00777J208,Advanced Merger Partners Inc,"('Advanced Merger Partners Inc', 98, 14328)"
Anzu Special Acquisition Corp. I,3/1/2021,03737A200,,
"Supernova Partners Acquisition Co. II, Ltd.",3/1/2021,G8T86C113,THE EXPLORATION CO.,"('THE EXPLORATION CO.', 86, 128)"
Nightdragon Acquisition Corp.,3/1/2021,65413D204,Nightdragon Acquisition Corp,"('Nightdragon Acquisition Corp', 100, 14337)"
Fintech Evolution Acquisition Group,3/1/2021,G3R19A112,FinTech Evolution Acq Group,"('FinTech Evolution Acq Group', 87, 14333)"
Haymaker Acquisition Corp. III,3/1/2021,42087R207,Haymaker Acquisition Corp III,"('Haymaker Acquisition Corp III', 98, 14335)"
DHB Capital Corp.,3/1/2021,23291W208,DHB Capital Corp,"('DHB Capital Corp', 100, 14331)"
Orion Acquisition Corp.,3/1/2021,68626A207,Orion Acquisition Corp,"('Orion Acquisition Corp', 100, 14340)"
DHC Acquisition Corp.,3/1/2021,G2758T125,DHC Acquisition Corp,"('DHC Acquisition Corp', 100, 14332)"
Leo Holdings III Corp.,2/26/2021,G5463T116,Leo Holdings III Corp,"('Leo Holdings III Corp', 100, 14323)"
Ibere Pharmaceuticals,2/26/2021,G46843127,Ibere Pharmaceuticals,"('Ibere Pharmaceuticals', 100, 14321)"
African Gold Acquisition Corp.,2/25/2021,G0112R116,African Gold Acquisition Corp,"('African Gold Acquisition Corp', 100, 14315)"
Kensington Capital Acquisition Corp. II,2/25/2021,49006L203,,
Fusion Acquisition Corp. II,2/25/2021,36118N201,Fusion Acquisition Corp II,"('Fusion Acquisition Corp II', 98, 14320)"
MCAP Acquisition Corp.,2/25/2021,55282T208,MCAP Acquisition Corp,"('MCAP Acquisition Corp', 100, 14324)"
Twelve Seas Investment Co. II,2/25/2021,90118T205,Twelve Seas Investment Co II,"('Twelve Seas Investment Co II', 98, 14326)"
Silverbox Engaged Merger Corp. I,2/25/2021,82836L200,Silverbox Engaged Merger Corp,"('Silverbox Engaged Merger Corp', 95, 14325)"
Warrior Technologies Acquisition Co.,2/25/2021,936273200,SYMBOL TECHNOLOGIES,"('SYMBOL TECHNOLOGIES', 86, 104)"
Freedom Acquisition I Corp.,2/25/2021,G3663X102,Freedom Acquisition I Corp,"('Freedom Acquisition I Corp', 100, 14319)"
Austerlitz Acquisition Corp. II,2/25/2021,G0633U119,Austerlitz Acquisition Corp II,"('Austerlitz Acquisition Corp II', 98, 14318)"
Austerlitz Acquisition Corp. I,2/25/2021,G0633D117,Austerlitz Acquisition Corp I,"('Austerlitz Acquisition Corp I', 98, 14317)"
Isleworth Healthcare Acquisition Corp.,2/24/2021,46468P201,,
"Gores Holdings VIII, Inc.",2/24/2021,382863207,Gores Holdings VIII Inc,"('Gores Holdings VIII Inc', 98, 14312)"
Hudson Executive Investment Corp. III,2/24/2021,44376L206,,
Flame Acquisition Corp.,2/24/2021,33850F207,Flame Acquisition Corp,"('Flame Acquisition Corp', 100, 14311)"
USHG Acquisition Corp.,2/24/2021,91748P209,USHG Acquisition Corp,"('USHG Acquisition Corp', 100, 14314)"
EJF Acquisition Corp.,2/24/2021,G2955B117,EJF Acquisition Corp,"('EJF Acquisition Corp', 100, 14310)"
Soaring Eagle Acquisition Corp.,2/23/2021,G8354H100,Soaring Eagle Acquisition Corp,"('Soaring Eagle Acquisition Corp', 100, 14309)"
"Gores Holdings VII, Inc.",2/23/2021,38286T200,Gores Holdings VII Inc,"('Gores Holdings VII Inc', 98, 14301)"
BOA Acquisition Corp.,2/23/2021,05601A208,BOA Acquisition Corp,"('BOA Acquisition Corp', 100, 14304)"
Colicity Inc.,2/23/2021,194170205,Colicity Inc,"('Colicity Inc', 100, 14306)"
Cartesian Growth Corp.,2/23/2021,G19276123,Cartesian Growth Corp,"('Cartesian Growth Corp', 100, 14305)"
FTAC Athena Acquisition Corp.,2/22/2021,G37283127,FTAC Athena Acquisition Corp,"('FTAC Athena Acquisition Corp', 100, 14300)"
CM Life Sciences II Inc.,2/22/2021,125842203,CM Life Sciences II Inc,"('CM Life Sciences II Inc', 100, 14299)"
Slam Corp.,2/22/2021,G8210L113,Slam Corp,"('Slam Corp', 100, 14302)"
Velocity Acquisition Corp.,2/22/2021,9.23E+207,,
Arctos Northstar Acquisition Corp.,2/22/2021,G0477L118,,
B. Riley Principal 150 Merger Corp.,2/18/2021,05601V202,,
CF Acquisition Corp. VI,2/18/2021,12521J202,CF Acquisition Corp VI,"('CF Acquisition Corp VI', 98, 14294)"
Alpha Capital Acquisition Co.,2/18/2021,G0316P114,,
Tailwind International Acquisition Corp.,2/18/2021,G8662F127,,
"Simon Property Group Acquisition Holdings, Inc.",2/18/2021,82880R202,CHRISTENSE,"('CHRISTENSEN, INC.', 86, 6)"
Figure Acquisition Corp. I,2/18/2021,302438205,,
Kismet Acquisition Three Corp.,2/17/2021,G5276C128,Kismet Acquisition Three Corp,"('Kismet Acquisition Three Corp', 100, 14291)"
Kismet Acquisition Two Corp.,2/17/2021,G52807123,Kismet Acquisition One Corp,"('Kismet Acquisition One Corp', 93, 13768)"
SportsTek Acquisition Corp.,2/17/2021,849196209,SportsTek Acquisition Corp,"('SportsTek Acquisition Corp', 100, 14287)"
Finserv Acquisition Corp. II,2/17/2021,31809Y202,FinServ Acquisition Corp II,"('FinServ Acquisition Corp II', 98, 14289)"
Medicus Sciences Acquisition Corp.,2/16/2021,G5960S116,,
Pathfinder Acquisition Corp.,2/16/2021,G04119114,Pathfinder Acquisition Corp,"('Pathfinder Acquisition Corp', 100, 14286)"
Moringa Acquisition Corp.,2/16/2021,G6S23K116,,
New Vista Acquisition Corp.,2/16/2021,G6529L113,,
Churchill Capital Corp. VII,2/12/2021,17144M201,Churchill Capital Corp VII,"('Churchill Capital Corp VII', 98, 14271)"
Churchill Capital Corp. VI,2/12/2021,17143W200,Churchill Capital Corp VI,"('Churchill Capital Corp VI', 98, 14270)"
Tishman Speyer Innovation Corp. II,2/11/2021,88825H209,Tishman Speyer Innovation II,"('Tishman Speyer Innovation II', 95, 14278)"
Bite Acquisition Corp.,2/11/2021,09175K204,Bite Acquisition Corp,"('Bite Acquisition Corp', 100, 14267)"
Social Leverage Acquisition Corp. I,2/11/2021,83363K201,Social Leverage Acquisition,"('Social Leverage Acquisition', 95, 14276)"
Catcha Investment Corp.,2/11/2021,G1962Y128,Catcha Invest Corp,"('Catcha Invest Corp', 90, 14269)"
Broadscale Acquisition Corp.,2/11/2021,11134Y200,Broadscale Acquisition Corp,"('Broadscale Acquisition Corp', 100, 14268)"
Tuatara Capital Acquisition Corp.,2/11/2021,G9118J127,Tuatara Capital Acquisition,"('Tuatara Capital Acquisition', 95, 14279)"
Rosecliff Acquisition Corp. I,2/11/2021,77732R202,Rosecliff Acquisition Corp I,"('Rosecliff Acquisition Corp I', 98, 14275)"
Goal Acquisitions Corp.,2/10/2021,38021H206,Goal Acquisitions Corp,"('Goal Acquisitions Corp', 100, 14263)"
ION Acquisition Corp. 2 Ltd.,2/10/2021,G49393120,ION Acquisition Corp 1 Ltd,"('ION Acquisition Corp 1 Ltd', 94, 13885)"
Apollo Strategic Growth Capital II,2/9/2021,G0412A110,Apollo Strategic Growth,"('Apollo Strategic Growth', 95, 13881)"
Foresight Acquisition Corp.,2/9/2021,34552Y205,Foresight Acquisition Corp,"('Foresight Acquisition Corp', 100, 14254)"
ScION Tech Growth II,2/9/2021,G31070124,ScION Tech Growth II,"('ScION Tech Growth II', 100, 14257)"
Power & Digital Infrastructure Acquisition Corp.,2/9/2021,739190205,,
Lazard Growth Acquisition Corp. I,2/9/2021,G54035129,,
Adara Acquisition Corp.,2/8/2021,00653H201,Adara Acquisition Corp,"('Adara Acquisition Corp', 100, 14241)"
Venus Acquisition Corp.,2/8/2021,G9420F136,Venus Acquisition Corp,"('Venus Acquisition Corp', 100, 14252)"
Pivotal Investment Corp. III,2/8/2021,72582M205,Pivotal Investment Corp III,"('Pivotal Investment Corp III', 98, 14248)"
ECP Environmental Growth Opportunities Corp.,2/8/2021,26829T209,,
Spartan Acquisition Corp. III,2/8/2021,84677R205,Spartan Acquisition Corp III,"('Spartan Acquisition Corp III', 98, 14251)"
Evo Acquisition Corp.,2/8/2021,30052G207,Edoc Acquisition Corp,"('Edoc Acquisition Corp', 93, 13965)"
"GigCapital4, Inc.",2/8/2021,37518G200,GigCapital4 Inc,"('GigCapital4 Inc', 97, 14246)"
Priveterra Acquisition Corp.,2/8/2021,74275N201,Priveterra Acquisition Corp,"('Priveterra Acquisition Corp', 100, 14249)"
Crown PropTech Acquisitions,2/8/2021,G25741128,Crown PropTech Acquisitions,"('Crown PropTech Acquisitions', 100, 14243)"
Alkuri Global Acquisition Corp.,2/5/2021,66981N202,Ark Global Acquisition Corp,"('Ark Global Acquisition Corp', 91, 14220)"
Progress Acquisition Corp.,2/5/2021,74327P204,Progress Acquisition Corp,"('Progress Acquisition Corp', 100, 14250)"
RMG Acquisition Corp. III,2/4/2021,G76088114,RMG Acquisition Corp III,"('RMG Acquisition Corp III', 98, 14234)"
Thunder Bridge Capital Partners III Inc.,2/4/2021,88605T209,,
Sustainable Development Acquisition I Corp.,2/4/2021,86934L202,,
Compute Health Acquisition Corp.,2/4/2021,204833206,EQ Health Acquisition Corp,"('EQ Health Acquisition Corp', 89, 14190)"
JOFF Fintech Acquisition Corp.,2/4/2021,46592C209,JOFF Fintech Acquisition Corp,"('JOFF Fintech Acquisition Corp', 100, 14230)"
Quantum FinTech Acquisition Corp.,2/4/2021,74767A204,FinTech Acquisition Corp,"('FinTech Acquisition Corp', 95, 12666)"
COVA Acquisition Corp.,2/4/2021,G2554Y112,COVA Acquisition Corp,"('COVA Acquisition Corp', 100, 14223)"
G Squared Ascend I Inc.,2/4/2021,G4204R125,G Squared Ascend I Inc,"('G Squared Ascend I Inc', 100, 14227)"
Altimar Acquisition Corp. II,2/4/2021,G03709113,Altimar Acquisition Corp II,"('Altimar Acquisition Corp II', 98, 14218)"
HH&L Acquisition Co.,2/4/2021,G39714111,HH&L Acquisition Co,"('HH&L Acquisition Co', 100, 14228)"
Centricus Acquisition Corp.,2/3/2021,G2072Q112,Centricus Acquisition Corp,"('Centricus Acquisition Corp', 100, 14211)"
Atlas Crest Investment Corp. II,2/3/2021,49287204,Atlas Crest Investment Corp II,"('Atlas Crest Investment Corp II', 98, 14209)"
Decarbonization Plus Acquisition Corp. II,2/3/2021,242794204,,
Astrea Acquisition Corp.,2/3/2021,04637C205,Astrea Acquisition Corp,"('Astrea Acquisition Corp', 100, 14208)"
Novus Capital Corp. II,2/3/2021,67012W203,Novus Capital Corp II,"('Novus Capital Corp II', 98, 14215)"
Itiquira Acquisition Corp.,2/3/2021,G49773123,Itiquira Acquisition Corp,"('Itiquira Acquisition Corp', 100, 14213)"
"Kernel Group Holdings, Inc.",2/2/2021,G5259L111,PQ Group Holdings Inc,"('PQ Group Holdings Inc', 87, 13075)"
CC Neuberger Principal Holdings III,2/2/2021,G1992N118,CC Neuberger Principal III,"('CC Neuberger Principal III', 95, 14202)"
Gaming & Hospitality Acquisition Corp.,2/2/2021,364681205,,
Jaws Mustang Acquisition Corp.,2/2/2021,G50737116,Jaws Mustang Acquisition Corp,"('Jaws Mustang Acquisition Corp', 100, 14198)"
The Music Acquisition Corp.,2/2/2021,62752R209,Music Acquisition Corp,"('Music Acquisition Corp', 95, 14205)"
Noble Rock Acquisition Corp.,2/1/2021,G6546R127,Noble Rock Acquisition Corp,"('Noble Rock Acquisition Corp', 100, 14200)"
MDH Acquisition Corp.,2/1/2021,55283P205,MDH Acquisition Corp,"('MDH Acquisition Corp', 100, 14199)"
Ares Acquisition Corp.,2/1/2021,G33032114,,
Thimble Point Acquisition Corp.,2/1/2021,88408P206,Thimble Point Acquisition Corp,"('Thimble Point Acquisition Corp', 100, 14201)"
Growth Capital Acquisition Corp.,1/29/2021,39986V206,,
EQ Health Acquisition Corp.,1/29/2021,26886A200,,
Brookline Capital Acquisition Corp.,1/28/2021,1.14E+207,,
CF Acquisition Corp. V,1/28/2021,12520R205,CF Acquisition Corp. IV,"('CF Acquisition Corp. IV', 98, 14072)"
Z-Work Acquisition Corp.,1/28/2021,98880C201,Z-Work Acquisition Corp,"('Z-Work Acquisition Corp', 100, 14196)"
"Mason Industrial Technology, Inc.",1/28/2021,57520Y205,Mason Industrial Tech Inc,"('Mason Industrial Tech Inc', 88, 14193)"
BlueRiver Acquisition Corp.,1/28/2021,G1261Q123,BlueRiver Acquisition Corp,"('BlueRiver Acquisition Corp', 100, 14186)"
Clarim Acquisition Corp.,1/28/2021,18049C207,Clarim Acquisition Corp,"('Clarim Acquisition Corp', 100, 14189)"
ITHAX Acquisition Corp.,1/27/2021,G49775110,Ithax Acquisition Corp,"('Ithax Acquisition Corp', 100, 14180)"
TLG Acquisition One Corp.,1/27/2021,87257M207,TLG Acquisition One Corp,"('TLG Acquisition One Corp', 100, 14183)"
Ignyte Acquisition Corp.,1/27/2021,45175H205,Ignyte Acquisition Corp,"('Ignyte Acquisition Corp', 100, 14179)"
Hudson Executive Investment Corp. II,1/26/2021,443760202,Hudson Executive Invest Corp,"('Hudson Executive Invest Corp', 88, 13686)"
Fortistar Sustainable Solutions Corp.,1/26/2021,34962M205,Fortis,"('Fortis', 90, 4047)"
D & Z Media Acquisition Corp.,1/26/2021,23305Q205,D & Z Media Acquisition Corp,"('D & Z Media Acquisition Corp', 100, 14163)"
Climate Real Impact Solutions II Acquisition Corp.,1/26/2021,187171202,,
Constellation Acquisition Corp. I,1/26/2021,G2R18K121,,
CA Healthcare Acquisition Corp.,1/26/2021,12510W206,Ca Healthcare Acquisition Corp,"('Ca Healthcare Acquisition Corp', 100, 14170)"
Biotech Acquisition Co.,1/25/2021,G1125A124,,
Northern Star Investment Corp. II,1/25/2021,66573W206,,
Science Strategic Acquisition Corp. Alpha,1/25/2021,808641203,,
LMF Acquisition Opportunities Inc.,1/25/2021,502015209,LMF Acquisition Opportunities,"('LMF Acquisition Opportunities', 95, 14167)"
DiamondHead Holdings Corp.,1/24/2021,25278L204,DiamondHead Holdings Corp,"('DiamondHead Holdings Corp', 100, 14164)"
North Atlantic Acquisition Corp.,1/22/2021,G66139117,North Atlantic Acquisition,"('North Atlantic Acquisition', 95, 8164)"
Jack Creek Investments Corp.,1/21/2021,G4989X107,Jack Creek Investment Corp,"('Jack Creek Investment Corp', 98, 14151)"
Liberty Media Acquisition Corp.,1/21/2021,53073L203,,
Virtuoso Acquisition Corp.,1/21/2021,92837J203,,
European Sustainable Growth Acquisition Corp.,1/21/2021,G3194F125,European Sustainable Growth,"('European Sustainable Growth', 90, 14149)"
One Equity Partners Open Water I Corp.,1/21/2021,68237L204,One Eq Partners Open Water I,"('One Eq Partners Open Water I', 89, 14155)"
Primavera Capital Acquisition Corp.,1/21/2021,G7255E125,,
SCP & CO Healthcare Acquisition Co.,1/20/2021,784065203,,
Legato Merger Corp.,1/19/2021,52473X205,Legato Merger Corp,"('Legato Merger Corp', 100, 14143)"
FoxWayne Enterprises Acquisition Corp.,1/19/2021,35166L208,FoxWayne Enterprises Acq Corp,"('FoxWayne Enterprises Acq Corp', 88, 14141)"
"Gores Metropoulos II, Inc.",1/19/2021,382873206,Gores Metropoulos II Inc,"('Gores Metropoulos II Inc', 98, 14142)"
TZP Strategies Acquisition Corp.,1/19/2021,G91595127,,
Queen's Gambit Growth Capital,1/19/2021,G7315C127,Queens Gambit Growth Capital,"('Queens Gambit Growth Capital', 98, 14145)"
Oyster Enterprises Acquisition Corp.,1/19/2021,69242M203,Enterprise Acquisition Corp,"('Enterprise Acquisition Corp', 87, 11346)"
Group Nine Acquisition Corp.,1/15/2021,39947R203,Group Nine Acquisition Corp,"('Group Nine Acquisition Corp', 100, 14134)"
Rotor Acquisition Corp.,1/14/2021,77879W204,Rotor Acquisition Corp,"('Rotor Acquisition Corp', 100, 14139)"
Healthcare Capital Corp.,1/14/2021,42228C200,Healthcare Capital Corp,"('Healthcare Capital Corp', 100, 14135)"
Authentic Equity Acquisition Corp.,1/14/2021,G06607116,,
26 Capital Acquisition Corp.,1/14/2021,90138P209,26 Capital Acquisition Corp,"('26 Capital Acquisition Corp', 100, 14129)"
Monument Circle Acquisition Corp.,1/14/2021,61531M200,,
OCA Acquisition Corp.,1/14/2021,670865203,OCA Acquisition Corp,"('OCA Acquisition Corp', 100, 14137)"
Hennessy Capital Investment Corp. V,1/14/2021,42589T206,Hennessy Capital Investment V,"('Hennessy Capital Investment V', 95, 14136)"
Edify Acquisition Corp.,1/14/2021,28059Q202,Edify Acquisition Corp,"('Edify Acquisition Corp', 100, 14133)"
Class Acceleration Corp.,1/14/2021,18274B205,Class Acceleration Corp,"('Class Acceleration Corp', 100, 14131)"
Silver Crest Acquisition Corp.,1/13/2021,G81355110,Silver Crest Acquisition,"('Silver Crest Acquisition', 95, 14128)"
Fortress Capital Acquisition Corp.,1/13/2021,G36427113,,
Environmental Impact Acquisition Corp.,1/13/2021,29408N205,Environmental Impact Acq Corp,"('Environmental Impact Acq Corp', 88, 14124)"
Pontem Corp.,1/13/2021,G71707114,Pontem Corp,"('Pontem Corp', 100, 14123)"
Marlin Technology Corp.,1/12/2021,G58411128,Marlin Technology Corp,"('Marlin Technology Corp', 100, 14120)"
"Hamilton Lane Alliance Holdings I, Inc.",1/12/2021,40749M202,Hamilton Lane Alliance Hldg I,"('Hamilton Lane Alliance Hldg I', 87, 14119)"
Deep Lake Capital Acquisition Corp.,1/12/2021,G27029126,,
Northern Genesis Acquisition Corp. II,1/12/2021,66516U200,Northern Genesis Acq Corp II,"('Northern Genesis Acq Corp II', 87, 14122)"
Athlon Acquisition Corp.,1/11/2021,04748A205,Athlon Acquisition Corp,"('Athlon Acquisition Corp', 100, 14111)"
Big Cypress Acquisition Corp.,1/11/2021,89115208,Big Cypress Acquisition Corp,"('Big Cypress Acquisition Corp', 100, 14112)"
KludeIn I Acquisition Corp.,1/11/2021,49878L208,KludeIn I Acquisition Corp,"('KludeIn I Acquisition Corp', 100, 14088)"
Global Partner Acquisition Corp. II,1/11/2021,G3934P110,Act II Global Acquisition Corp,"('Act II Global Acquisition Corp', 88, 13445)"
"890 5th Avenue Partners, Inc.",1/11/2021,28250A204,890 5th Avenue Partners Inc,"('890 5th Avenue Partners Inc', 98, 14109)"
Adit EdTech Acquisition Corp.,1/11/2021,7024201,Adit EdTech Acquisition Corp,"('Adit EdTech Acquisition Corp', 100, 14110)"
Tastemaker Acquisition Corp.,1/8/2021,876545203,Tastemaker Acquisition Corp,"('Tastemaker Acquisition Corp', 100, 14108)"
LightJump Acquisition Corp.,1/8/2021,53228M205,Lightjump Acquisition Corp,"('Lightjump Acquisition Corp', 100, 14099)"
Leo Holdings Corp. II,1/7/2021,G5463R110,Leo Holdings Corp. II,"('Leo Holdings Corp. II', 100, 14098)"
Epiphany Technology Acquisition Corp.,1/7/2021,29429X208,,
Empowerment & Inclusion Capital I Corp.,1/7/2021,29248N209,Empowerment & Inclusion,"('Empowerment & Inclusion', 90, 14093)"
KL Acquisition Corp,1/7/2021,49837C208,KL Acquisition Corp,"('KL Acquisition Corp', 100, 14097)"
Switchback II Corp.,1/7/2021,G8633T123,Switchback II Corp,"('Switchback II Corp', 100, 14107)"
Global Synergy Acquisition Corp.,1/7/2021,G3934J114,Global Eagle Acquisition Corp,"('Global Eagle Acquisition Corp', 87, 11818)"
Locust Walk Acquisition Corp.,1/7/2021,54015L301,Locust Walk Acquisition Corp,"('Locust Walk Acquisition Corp', 100, 14100)"
SVF Investment Corp.,1/7/2021,G8601L110,SVF Investment Corp,"('SVF Investment Corp', 100, 14106)"
Mountain Crest Acquisition Corp. II,1/7/2021,62402D204,,
Pioneer Merger Corp.,1/7/2021,G7S24C129,Pioneer Merger Corp,"('Pioneer Merger Corp', 100, 14102)"
Provident Acquisition Corp.,1/7/2021,G7282L118,Provident Acquisition Corp,"('Provident Acquisition Corp', 100, 14105)"
Prospector Capital Corp.,1/7/2021,G7273A121,Prospector Capital Corp,"('Prospector Capital Corp', 100, 14104)"
Powered Brands,1/7/2021,G7209M124,Powered Brands,"('Powered Brands', 100, 14103)"
Vickers Vantage Corp. I,1/6/2021,G9440B123,Vickers Vantage Corp I,"('Vickers Vantage Corp I', 98, 14091)"
Ivanhoe Capital Acquisition Corp.,1/6/2021,G4R87P122,LIV Capital Acquisition Corp,"('LIV Capital Acquisition Corp', 90, 13602)"
Poema Global Holdings Corp.,1/6/2021,G7154B123,Poema Global Hldg Corp,"('Poema Global Hldg Corp', 92, 14082)"
VectoIQ Acquisition Corp. II,1/6/2021,92244F208,VectoIQ Acquisition Corp,"('VectoIQ Acquisition Corp', 95, 13224)"
Sports Ventures Acquisition Corp.,1/5/2021,G8372A111,,
Star Peak Corp. II,1/5/2021,855179206,Star Peak Corp II,"('Star Peak Corp II', 97, 14084)"
Bright Lights Acquisition Corp.,1/5/2021,10920K200,,
Crucible Acquisition Corp.,1/5/2021,22877P207,Crucible Acquisition Corp,"('Crucible Acquisition Corp', 100, 14079)"
Kairos Acquisition Corp.,1/5/2021,G52110122,Kairos Acquisition Corp,"('Kairos Acquisition Corp', 100, 14081)"
Benessere Capital Acquisition Corp.,1/4/2021,08179B202,Benessere Capital Acquisition,"('Benessere Capital Acquisition', 95, 14078)"
Fortress Value Acquisition Corp. III,1/4/2021,34964G206,,
Ventoux CCM Acquisition Corp.,12/23/2020,92280L200,Ventoux CCM Acquisition Corp.,"('Ventoux CCM Acquisition Corp.', 100, 14076)"
Viveon Health Acquisition Corp.,12/23/2020,92853V205,Viveon Health Acquisition Corp,"('Viveon Health Acquisition Corp', 100, 14075)"
Healthcare Services Acquisition Corp.,12/22/2020,42227K203,Services Acquisition Corp,"('Services Acquisition Corp', 95, 10656)"
CF Acquisition Corp. IV,12/22/2020,12520T201,,
7GC & Co. Holdings Inc.,12/22/2020,81786A206,7GC & Co Holdings Inc,"('7GC & Co Holdings Inc', 98, 14071)"
Ackrell SPAC Partners I Co.,12/21/2020,00461L204,Ackrell SPAC Partners I,"('Ackrell SPAC Partners I', 95, 14069)"
Dune Acquisition Corp.,12/17/2020,265334201,Dune Acquisition Corp,"('Dune Acquisition Corp', 100, 14064)"
MedTech Acquisition Corp.,12/17/2020,58507N204,,
Golden Falcon Acquisition Corp.,12/17/2020,38102H208,Golden Falcon Acquisition Corp,"('Golden Falcon Acquisition Corp', 100, 14065)"
Seven Oaks Acquisition Corp.,12/17/2020,81787X205,Seven Oaks Acquisition Corp.,"('Seven Oaks Acquisition Corp.', 100, 14068)"
INSU Acquisition Corp. III,12/17/2020,457817302,INSU Acquisition Corp III,"('INSU Acquisition Corp III', 98, 14066)"
ScION Tech Growth I,12/16/2020,G31067120,ScION Tech Growth I,"('ScION Tech Growth I', 100, 14061)"
Corner Growth Acquisition Corp.,12/16/2020,G2425N121,,
Blue Water Acquisition Corp.,12/15/2020,09607T203,Blue Water Acquisition Corp,"('Blue Water Acquisition Corp', 100, 14050)"
"KINS Technology Group, Inc.",12/15/2020,49714K208,Kins Technology Group Inc,"('Kins Technology Group Inc', 98, 14051)"
Churchill Capital Corp. V,12/15/2020,17144T206,Churchill Capital Corp V,"('Churchill Capital Corp V', 98, 14056)"
Americas Technology Acquisition Corp.,12/15/2020,G0404A128,,
Marquee Raine Acquisition Corp.,12/14/2020,G58442115,Marquee Raine Acquisition Corp,"('Marquee Raine Acquisition Corp', 100, 14052)"
"CBRE Acquisition Holdings, Inc.",12/11/2020,12510J205,CBRE Acquisition Holdings Inc,"('CBRE Acquisition Holdings Inc', 98, 14038)"
EdTechX Holdings Acquisition Corp. II,12/10/2020,28139A201,EdtechX Holdings Acquisition C,"('EdtechX Holdings Acquisition C', 92, 13340)"
Delwinds Insurance Acquisition Corp.,12/10/2020,24803C201,Insurance Acquisition Corp,"('Insurance Acquisition Corp', 95, 13419)"
"Gores Holdings VI, Inc.",12/10/2020,38286R204,Gores Holdings VI Inc,"('Gores Holdings VI Inc', 98, 14043)"
Thayer Ventures Acquisition Corp.,12/10/2020,88332T209,Thayer Ventures Acquisition,"('Thayer Ventures Acquisition', 95, 14047)"
RMG Acquisition Corp. II,12/10/2020,G76083115,RMG Acquisition Corp II,"('RMG Acquisition Corp II', 98, 14035)"
Globis Acquisition Corp.,12/10/2020,379582208,Globis Acquisition Corp,"('Globis Acquisition Corp', 100, 14042)"
Roth CH Acquisition II Co.,12/10/2020,778673202,Roth Ch Acquisition II Co,"('Roth Ch Acquisition II Co', 100, 14045)"
Senior Connect Acquisition Corp.,12/10/2020,81723H207,CONNECT,"('CONNECT', 90, 7463)"
Motive Capital Corp.,12/10/2020,G6293A129,Motive Capital Corp,"('Motive Capital Corp', 100, 14044)"
Carney Technology Acquisition Corp. II,12/9/2020,143636207,,
Periphas Capital Partnering Corp.,12/9/2020,713895209,Periphas Capital Partnering Co,"('Periphas Capital Partnering Co', 97, 14034)"
Frazier Lifesciences Acquisition Corp.,12/9/2020,G3710A121,Frazier Lifesciences,"('Frazier Lifesciences', 90, 14027)"
Altitude Acquisition Corp.,12/8/2020,02156Y202,,
Nebula Caravel Acquisition Corp.,12/8/2020,629070202,Nebula Acquisition Corp,"('Nebula Acquisition Corp', 95, 13143)"
HumanCo Acquisition Corp.,12/8/2020,44487N208,HumanCo Acquisition Corp,"('HumanCo Acquisition Corp', 100, 14028)"
Mudrick Capital Acquisition Corp. II,12/7/2020,62477L206,Mudrick Capital Acquisition,"('Mudrick Capital Acquisition', 95, 13171)"
Concord Acquisition Corp.,12/7/2020,206071201,Concord Acquisition Corp,"('Concord Acquisition Corp', 100, 14020)"
DD3 Acquisition Corp. II,12/7/2020,23318M209,DD3 Acquisition Corp II,"('DD3 Acquisition Corp II', 98, 14021)"
Revolution Acceleration Acquisition Corp.,12/7/2020,76156P205,Revolution Acceleration Acq,"('Revolution Acceleration Acq', 87, 14023)"
PropTech Investment Corp. II,12/3/2020,743497208,PropTech Invest Corp II,"('PropTech Invest Corp II', 90, 14016)"
FinTech Acquisition Corp. V,12/3/2020,31810Q305,Fintech Acquisition Corp IV,"('Fintech Acquisition Corp IV', 96, 13856)"
Capitol Investment Corp. V,12/2/2020,14064F209,Capitol Investment Corp V,"('Capitol Investment Corp V', 98, 14006)"
Live Oak Acquisition Corp. II,12/2/2020,53804W205,Live Oak Acquisition Corp II,"('Live Oak Acquisition Corp II', 98, 14013)"
Highland Transcend Partners I Corp.,12/2/2020,G44690116,Highland Transcend Partners I,"('Highland Transcend Partners I', 95, 14010)"
Rodgers Silicon Valley Acquisition Corp.,12/2/2020,774873202,Rodgers Silicon Valley Acq,"('Rodgers Silicon Valley Acq', 90, 14007)"
Far Peak Acquisition Corp.,12/2/2020,G3312L129,Far Peak Acquisition Corp,"('Far Peak Acquisition Corp', 100, 14009)"
Jaws Spitfire Acquisition Corp.,12/2/2020,G58442115,Jaws Spitfire Acquisition Corp,"('Jaws Spitfire Acquisition Corp', 100, 14011)"
Trepont Acquistion Corp. I,12/1/2020,G9095M119,Trepont Acquisition Corp I,"('Trepont Acquisition Corp I', 96, 14008)"
Seaport Global Acquisition Corp.,11/30/2020,812227205,,
10X Capital Venture Acquisition Corp.,11/24/2020,88025V206,10X Capital Venture Acquisitio,"('10X Capital Venture Acquisitio', 91, 14770)"
Forest Road Acquisition Corp.,11/24/2020,34619R201,,
Spartan Acquisition Corp. II,11/24/2020,846775203,Spartan Acquisition Corp II,"('Spartan Acquisition Corp II', 98, 14004)"
Breeze Holdings Acquisition Corp.,11/23/2020,106762206,GS Acquisition Holdings Corp,"('GS Acquisition Holdings Corp', 89, 13234)"
Tiga Acquisition Corp.,11/23/2020,G88672129,Tiga Acquisition Corp,"('Tiga Acquisition Corp', 100, 14000)"
Omnichannel Acquisition Corp.,11/20/2020,68218L207,Omnichannel Acquisition Corp,"('Omnichannel Acquisition Corp', 100, 13992)"
Aequi Acquisition Corp.,11/19/2020,00775W201,Aequi Acquisition Corp,"('Aequi Acquisition Corp', 100, 13987)"
Cascade Acquisition Corp.,11/19/2020,147151203,Cascade Acquisition Corp,"('Cascade Acquisition Corp', 100, 13988)"
Kingswood Global Holdings Inc.,11/19/2020,496861204,,
Investindustrial Acquisition Corp.,11/18/2020,G4771L121,,
L&F Acquisition Corp.,11/18/2020,G53702125,L&F Acquisition Corp,"('L&F Acquisition Corp', 100, 13981)"
"Population Health Investment Co., Inc.",11/18/2020,G71716123,,
OTR Acquisition Corp.,11/17/2020,67113Q204,OTR Acquisition Corp,"('OTR Acquisition Corp', 100, 13974)"
Pine Island Acquisition Corp.,11/16/2020,722615200,,
Zanite Acquisition Corp.,11/16/2020,98907K202,Zanite Acquisition Corp,"('Zanite Acquisition Corp', 100, 13976)"
Better World Acquisition Corp.,11/12/2020,08772B203,Better World Acquisition Corp,"('Better World Acquisition Corp', 100, 13969)"
CF Finance Acquisition Corp. III,11/12/2020,12529D207,CF Finance Acquisition Corp II,"('CF Finance Acquisition Corp II', 97, 13800)"
"dMY Technology Group, Inc. III",11/12/2020,US2332782091,dMY Technology Group II Inc,"('dMY Technology Group II Inc', 93, 13786)"
Health Assurance Acquisition Corp.,11/12/2020,42226W208,Health Assurance Acquisition,"('Health Assurance Acquisition', 95, 13971)"
Northern Star Acquisition Corp.,11/10/2020,665742201,Northern Star Acquisition Corp,"('Northern Star Acquisition Corp', 100, 13968)"
Natural Order Acquisition Corp.,11/10/2020,63889L206,Natural Order Acquisition Corp,"('Natural Order Acquisition Corp', 100, 13967)"
TS Innovation Acquisitions Corp.,11/9/2020,87284T209,Nova,"('Nova', 90, 7206)"
Roman DBDR Tech Acquisition Corp.,11/6/2020,77584N200,,
New Beginnings Acquisition Corp.,10/29/2020,64222H209,,
CONX Corp.,10/29/2020,212873202,CONX Corp.,"('CONX Corp.', 100, 13959)"
Duddell Street Acquisition Corp.,10/28/2020,G28553124,,
Bluescape Opportunities Acquisition Corp.,10/27/2020,G1195N121,,
Mallard Acquisition Corp.,10/27/2020,561204207,Mallard Acquisition Corp,"('Mallard Acquisition Corp', 100, 13950)"
Atlas Crest Investment Corp.,10/27/2020,49284201,Atlas Crest Investment Corp,"('Atlas Crest Investment Corp', 100, 13946)"
Ajax I,10/27/2020,G1993M119,Ajax I,"('Ajax I', 100, 13945)"
Lux Health Tech Acquisition Corp.,10/26/2020,55068A209,,
Eucrates Biomedical Acquisition Corp.,10/23/2020,G3141W114,Eucrates Biomedical Acquisitio,"('Eucrates Biomedical Acquisitio', 91, 13942)"
Altimar Acquisition Corp.,10/22/2020,G03707125,Altimar Acquisition Corp,"('Altimar Acquisition Corp', 100, 13941)"
Tekkorp Digital Acquisition Corp.,10/21/2020,G8739H122,Tekkorp Digital Acquisition,"('Tekkorp Digital Acquisition', 95, 13938)"
Yellowstone Acquisition Corp.,10/21/2020,98566K204,Yellowstone Acquisition Co,"('Yellowstone Acquisition Co', 96, 13939)"
"DPCM Capital, Inc.",10/21/2020,23344P200,DPCM Capital Inc,"('DPCM Capital Inc', 97, 13926)"
Rice Acquisition Corp.,10/21/2020,762594208,Rice Acquisition Corp,"('Rice Acquisition Corp', 100, 13937)"
Good Works Acquisition Corp.,10/20/2020,38216X206,Good Works Acquisition Corp,"('Good Works Acquisition Corp', 100, 13923)"
"Supernova Partners Acquisition Co., Inc.",10/20/2020,86846V207,Supernova Partners Acq Co Inc,"('Supernova Partners Acq Co Inc', 88, 13932)"
H.I.G. Acquisition Corp,10/20/2020,G44898115,HIG Acquisition Corp,"('HIG Acquisition Corp', 93, 13928)"
Lefteris Acquisition Corp.,10/20/2020,52470X208,Lefteris Acquisition Corp,"('Lefteris Acquisition Corp', 100, 13929)"
Decarbonization Plus Acquisition Corp.,10/19/2020,242797207,,
Horizon Acquisition Corp. II,10/19/2020,G46044122,Horizon Acquisition Corp II,"('Horizon Acquisition Corp II', 98, 13925)"
Bridgetown Holdings Ltd.,10/16/2020,G1355U105,Bridgetown Holdings Ltd,"('Bridgetown Holdings Ltd', 100, 13916)"
Motion Acquisition Corp.,10/15/2020,61980M206,Motion Acquisition Corp,"('Motion Acquisition Corp', 100, 13913)"
Spartacus Acquisition Corp.,10/15/2020,84677L208,,
Turmeric Acquisition Corp.,10/15/2020,G9127T116,Turmeric Acquisition Corp,"('Turmeric Acquisition Corp', 100, 13921)"
Petra Acquisition Inc.,10/8/2020,716421201,Petra Acquisition Inc,"('Petra Acquisition Inc', 100, 13899)"
"Landcadia Holdings III, Inc.",10/8/2020,51476H209,Landcadia Holdings III Inc,"('Landcadia Holdings III Inc', 98, 13902)"
Social Capital Hedosophia Holdings Corp. VI,10/8/2020,G8251L121,Social Capital Hedosophia,"('Social Capital Hedosophia', 90, 13057)"
Social Capital Hedosophia Holdings Corp. IV,10/8/2020,G82514129,,
Montes Archimedes Acquisition Corp.,10/7/2020,612657205,Montes Archimedes Acquisition,"('Montes Archimedes Acquisition', 95, 13893)"
Empower Ltd.,10/7/2020,G3R39W128,Empower Ltd,"('Empower Ltd', 100, 13892)"
NextGen Acquisition Corp.,10/6/2020,G65305115,NextGen Acquisition Corp,"('NextGen Acquisition Corp', 100, 13894)"
FirstMark Horizon Acquisition Corp.,10/5/2020,33765Y200,,
Sports Entertainment Acquisition Corp.,10/2/2020,84918M205,,
Vy Global Growth,10/2/2020,G9444H126,Vy Global Growth,"('Vy Global Growth', 100, 13890)"
Atlantic Avenue Acquisition Corp.,10/1/2020,04906P200,,
AEA-Bridges Impact Corp.,10/1/2020,G01046120,AEA-Bridges Impact Corp,"('AEA-Bridges Impact Corp', 100, 13872)"
Apollo Strategic Growth Capital,10/1/2020,G0411R122,,
Avanti Acquisition Corp.,10/1/2020,G0682V117,,
IG Acquisition Corp,9/30/2020,449534205,Ig Acquisition Corp,"('Ig Acquisition Corp', 100, 13874)"
Recharge Acquisition Corporation,9/30/2020,756229209,Recharge Acquisition Corp,"('Recharge Acquisition Corp', 88, 13878)"
FG New America Acquisition Corp.,9/29/2020,30259V205,,
Vesper Healthcare Acquisition Corp,9/29/2020,92538T203,,
Climate Change Crisis Real Impact I Acquisition Corp,9/29/2020,18716C209,Climate Change Crisis Real,"('Climate Change Crisis Real', 90, 13866)"
FinTech Acquisition Corp. IV,9/24/2020,31810N302,,
PMV Consumer Acquisition Corp.,9/21/2020,693486201,PMV Consumer Acquisition Corp,"('PMV Consumer Acquisition Corp', 100, 13844)"
Falcon Capital Acquisition Corp.,9/21/2020,30606L207,,
North Mountain Merger Corp.,9/18/2020,661204206,North Mountain Merger Corp,"('North Mountain Merger Corp', 100, 13840)"
Alpha Healthcare Acquisition Corp.,9/17/2020,20751202,,
ACON S2 Acquisition Corp.,9/17/2020,G00748122,ACON S2 Acquisition Corp,"('ACON S2 Acquisition Corp', 100, 13829)"
Executive Network Partnering Corp.,9/16/2020,30158L209,Executive Network Partnering,"('Executive Network Partnering', 95, 13824)"
Equity Distribution Acquisition Corp.,9/16/2020,2.95E+209,Equity Distribution Acq Corp,"('Equity Distribution Acq Corp', 88, 13823)"
Oaktree Acquisition Corp. II,9/16/2020,G6715X129,Oaktree Acquisition Corp II,"('Oaktree Acquisition Corp II', 98, 13833)"
Sandbridge Acquisition Corp.,9/15/2020,799793203,Sandbridge Acquisition Corp,"('Sandbridge Acquisition Corp', 100, 13822)"
Software Acquisition Group Inc. II,9/14/2020,83407F200,,
Broadstone Acquisition Corp.,9/11/2020,G1739V118,Broadstone Acquisition,"('Broadstone Acquisition', 95, 13816)"
"Ribbit LEAP, Inc.",9/11/2020,G7552B121,SBE INC.,"('SBE INC.', 86, 12)"
TWC Tech Holdings II Corp.,9/10/2020,90117G204,TWC Tech Holdings II Corp,"('TWC Tech Holdings II Corp', 100, 13818)"
Prime Impact Acquisition I,9/10/2020,G61074111,Prime Impact Acquisition I,"('Prime Impact Acquisition I', 100, 13814)"
Starboard Value Acquisition Corp.,9/10/2020,85521J208,,
"NavSight Holdings, Inc.",9/9/2020,639358209,NavSight Holdings Inc,"('NavSight Holdings Inc', 98, 13813)"
Cohn Robbins Holdings Corp.,9/8/2020,G23726121,Cohn Robbins Holdings Corp,"('Cohn Robbins Holdings Corp', 100, 13811)"
"Industrial Tech Acquisitions, Inc.",9/8/2020,456357201,Industrial Tech Acquisitions,"('Industrial Tech Acquisitions', 95, 13812)"
HighCape Capital Acquisition Corp.,9/3/2020,42984L204,,
Tailwind Acquisition Corp.,9/3/2020,87403Q201,,
INSU Acquisition Corp. II,9/2/2020,457821304,INSU Acquisition Corp II,"('INSU Acquisition Corp II', 98, 13808)"
"CM Life Sciences, Inc.",9/1/2020,18978W208,CM Life Sciences Inc,"('CM Life Sciences Inc', 98, 13806)"
CF Finance Acquisition Corp. II,8/27/2020,15725Q203,,
Burgundy Technology Acquisition Corp.,8/26/2020,G1702T132,,
FAST Acquisition Corp.,8/20/2020,311875207,FAST Acquisition Corp,"('FAST Acquisition Corp', 100, 13795)"
Forum Merger III Corp.,8/18/2020,349885202,Forum Merger III Corp,"('Forum Merger III Corp', 100, 13791)"
Foley Trasimene Acquisition Corp. II,8/18/2020,344328208,Foley Trasimene Acquisition,"('Foley Trasimene Acquisition', 95, 13676)"
Northern Genesis Acquisition Corp.,8/17/2020,66516T203,,
Star Peak Energy Transition Corp.,8/17/2020,855185203,Star Peak Energy Transition,"('Star Peak Energy Transition', 95, 13788)"
"dMY Technology Group, Inc. II",8/14/2020,233277201,,
Lionheart Acquisition Corp. II,8/13/2020,53625R203,Lionheart Acquisition Corp II,"('Lionheart Acquisition Corp II', 98, 13785)"
RedBall Acquisition Corp.,8/12/2020,G7417R121,Redball Acquisition Corp,"('Redball Acquisition Corp', 100, 13781)"
Fortress Value Acquisition Corp. II,8/11/2020,349642207,,
Vistas Media Acquisition Company Inc.,8/7/2020,92840T206,,
BowX Acquisition Corp.,8/7/2020,103085205,BowX Acquisition Corp,"('BowX Acquisition Corp', 100, 13762)"
Holicity Inc.,8/7/2020,435063201,Holicity Inc,"('Holicity Inc', 100, 13763)"
Yucaipa Acquisition Corp.,8/6/2020,G9879L121,Yucaipa Acquisition Corp,"('Yucaipa Acquisition Corp', 100, 13760)"
Gores Holdings V Inc.,8/5/2020,382864205,Gores Holdings V Inc,"('Gores Holdings V Inc', 100, 13767)"
GO Acquisition Corp.,8/4/2020,362019200,GO Acquisition Corp,"('GO Acquisition Corp', 100, 13766)"
CC Neuberger Principal Holdings II,7/31/2020,G3166T129,CC Neuberger Principal Hldg I,"('CC Neuberger Principal Hldg I', 92, 13655)"
NewHold Investment Corp.,7/30/2020,651448201,Newhold Investment Corp,"('Newhold Investment Corp', 100, 13756)"
E.Merge Technology Acquisition Corp.,7/30/2020,26873Y203,,
Churchill Capital Corp. IV,7/30/2020,171439201,Churchill Capital Corp IV,"('Churchill Capital Corp IV', 98, 13750)"
East Resources Acquisition Co.,7/27/2020,274681204,East Resources Acquisition Co,"('East Resources Acquisition Co', 100, 13739)"
"Pershing Square Tontine Holdings, Ltd.",7/24/2020,71531R208,,
Property Solutions Acquisition Corp.,7/24/2020,74348Q207,Property Solutions Acq Corp,"('Property Solutions Acq Corp', 87, 13738)"
Greencity Acquisition Corp.,7/23/2020,G4086B115,Greencity Acquisition Corp,"('Greencity Acquisition Corp', 100, 13743)"
Deerfield Healthcare Technology Acquisitions Corp.,7/21/2020,244413209,Deerfield Healthcare Tech,"('Deerfield Healthcare Tech', 90, 13734)"
Artius Acquisition Inc.,7/16/2020,04316G204,,
PTK Acquisition Corp.,7/15/2020,69375F207,PTK Acquisition Corp,"('PTK Acquisition Corp', 100, 13723)"
HPX Corp.,7/15/2020,G32219118,HPX Corp,"('HPX Corp', 100, 13729)"
Capstar Special Purpose Acquisition Corp.,7/7/2020,14070Y200,Capstar Special Purpose,"('Capstar Special Purpose', 90, 13716)"
GS Acquisition Holdings Corp. II,7/2/2020,36258Q204,,
Panacea Acquisition Corp.,7/1/2020,698102209,Panacea Acquisition Corp,"('Panacea Acquisition Corp', 100, 13714)"
Fusion Acquisition Corp.,6/30/2020,36118H204,Fusion Acquisition Corp,"('Fusion Acquisition Corp', 100, 13707)"
Kensington Capital Acquisition Corp.,6/30/2020,490073202,,
Brilliant Acquisition Corp.,6/26/2020,G1643W103,,
Trebia Acquisition Corp.,6/19/2020,G9027T125,Trebia Acquisition Corp,"('Trebia Acquisition Corp', 100, 13696)"
Hudson Executive Investment Corp.,6/11/2020,443761200,,
Mountain Crest Acquisition Corp,6/9/2020,62401M205,,
Foley Trasimene Acquisition Corp.,5/29/2020,34431F203,,
Longview Acquisition Corp.,5/26/2020,543195200,Longview Acquisition Corp,"('Longview Acquisition Corp', 100, 13673)"
B. Riley Principal Merger Corp. II,5/22/2020,05600U205,,
Novus Capital Corp.,5/19/2020,67012U207,Novus Capital Corp,"('Novus Capital Corp', 100, 13671)"
"GigCapital3, Inc.",5/15/2020,37519D206,Gigcapital3 Inc,"('Gigcapital3 Inc', 97, 13668)"
Live Oak Acquisition Corp.,5/8/2020,53804F202,,
Roth CH Acquisition I Co.,5/7/2020,778675207,Roth CH Acquisition I Co,"('Roth CH Acquisition I Co', 100, 13662)"
Collective Growth Corp.,5/5/2020,19424L200,Collective Growth Corp,"('Collective Growth Corp', 100, 13660)"
Fortress Value Acquisition Corp.,5/4/2020,34962V205,,
Chardan Healthcare Acquisition 2 Corp.,4/28/2020,15957T206,,
DFP Healthcare Acquisitions Corp.,3/13/2020,23343Q209,,
LifeSci Acquisition Corp.,3/10/2020,53228P208,Lifesci Acquisition II Corp,"('Lifesci Acquisition II Corp', 95, 13990)"
Flying Eagle Acquisition Corp.,3/5/2020,34407Y202,,
"dMY Technology Group, Inc.",2/20/2020,233253202,,
Churchill Capital Corp. III,2/19/2020,17144C203,Churchill Capital Corp III,"('Churchill Capital Corp III', 98, 13639)"
Greenrose Acquisition Corp.,2/13/2020,395392202,,
CITIC Capital Acquisition Corp.,2/10/2020,G21513125,CITIC Capital Acquisition Corp,"('CITIC Capital Acquisition Corp', 100, 13633)"
InterPrivate Acquisition Corp.,2/6/2020,46064A202,,
"Gores Holdings IV, Inc.",1/28/2020,382865202,Gores Holdings IV Inc,"('Gores Holdings IV Inc', 98, 13617)"
SCVX Corp.,1/28/2020,G79448109,SCVX Corp,"('SCVX Corp', 100, 13618)"
CIIG Merger Corp.,12/17/2019,12559C202,CIIG Merger Corp,"('CIIG Merger Corp', 100, 13606)"
Healthcare Merger Corp.,12/17/2019,42227L201,Healthcare Merger Corp,"('Healthcare Merger Corp', 100, 13607)"
LIV Capital Acquisition Corp.,12/13/2019,G5510C124,,
PropTech Acquisition Corp.,11/26/2019,74349F200,PropTech Acquisition Corp,"('PropTech Acquisition Corp', 100, 13598)"
CHP Merger Corp.,11/26/2019,12558Y205,CHP Merger Corp,"('CHP Merger Corp', 100, 13597)"
Amplitude Healthcare Acquisition Corp.,11/22/2019,03212A204,,
Software Acquisition Group Inc.,11/22/2019,83406B200,,
GreenVision Acquisition Corp.,11/21/2019,39678G202,Keen Vision Acquisition Corp.,"('Keen Vision Acquisition Corp.', 93, 15376)"
Stable Road Acquisition Corp.,11/13/2019,85236Q208,Stable Road Acquisition Corp,"('Stable Road Acquisition Corp', 100, 13587)"
"Juniper Industrial Holdings, Inc.",11/13/2019,48205G205,Juniper Industrial Hldg Inc,"('Juniper Industrial Hldg Inc', 92, 13586)"
LGL Systems Acquisition Corp.,11/12/2019,50201G205,LGL Systems Acquisition Corp,"('LGL Systems Acquisition Corp', 100, 13579)"
Merida Merger Corp. I,11/7/2019,58953M205,Merida Merger Corp I,"('Merida Merger Corp I', 98, 13577)"
Osprey Technology Acquisition Corp.,11/5/2019,68839R401,Osprey Energy Acquisition Corp,"('Osprey Energy Acquisition Corp', 88, 13040)"
FinServ Acquisition Corp.,11/5/2019,318085206,,
Apex Technology Acquisition Corp.,9/19/2019,03768F201,Apex Technology Acquisition,"('Apex Technology Acquisition', 95, 13546)"
Experience Investment Corp.,9/17/2019,30217C208,Experience Investment Corp,"('Experience Investment Corp', 100, 13543)"
New Providence Acquisition Corp.,9/13/2019,64822P205,New Providence Acquisition Cor,"('New Providence Acquisition Cor', 98, 14984)"
Orisun Acquisition Corp.,8/6/2019,68632T208,,
Switchback Energy Acquisition Corp.,7/30/2019,87105M201,,
Conyers Park II Acquisition Corp.,7/22/2019,212896203,,
Pivotal Investment Corp. II,7/16/2019,72582K209,Pivotal Investment Corp II,"('Pivotal Investment Corp II', 98, 13505)"
Tuscan Holdings Corp. II,7/16/2019,90070A202,Tuscan Holdings Corp II,"('Tuscan Holdings Corp II', 98, 13507)"
Churchill Capital Corp. II,7/1/2019,17143G205,Churchill Capital Corp II,"('Churchill Capital Corp II', 98, 13501)"
South Mountain Merger Corp.,6/24/2019,838884203,South Mountain Merger Corp,"('South Mountain Merger Corp', 100, 13495)"
Haymaker Acquisition Corp. II,6/12/2019,42087L200,Haymaker Acquisition Corp II,"('Haymaker Acquisition Corp II', 98, 13482)"
"GigCapital2, Inc.",6/10/2019,375036209,GigCapital2,"('GigCapital2', 95, 13480)"
Proficient Alpha Acquisition Corp.,6/3/2019,74317H204,,
GX Acquisition Corp.,5/23/2019,36251A206,,
Diamond Eagle Acquisition Corp.,5/14/2019,25258L208,,
Health Sciences Acquisitions Corp.,5/14/2019,45258J201,Health Sciences Acquisitns 2,"('Health Sciences Acquisitns 2', 89, 13759)"
"Landcadia Holdings II, Inc.",5/9/2019,51476X204,Landcadia Holdings II Inc,"('Landcadia Holdings II Inc', 98, 12860)"
B. Riley Principal Merger Corp.,4/11/2019,05586Y205,,
Insurance Acquisition Corp.,3/22/2019,457867307,,
Trine Acquisition Corp.,3/19/2019,89628U207,Trine Acquisition Corp,"('Trine Acquisition Corp', 100, 13418)"
Crescent Acquisition Corp.,3/12/2019,22564L204,Crescent Acquisition Corp,"('Crescent Acquisition Corp', 100, 13416)"
Tuscan Holdings Corp.,3/7/2019,90069K203,Tuscan Holdings Corp,"('Tuscan Holdings Corp', 100, 13414)"
Hennessy Capital Acquisition Corp. IV,3/5/2019,42589C203,Hennessy Capital Acquisition,"('Hennessy Capital Acquisition', 95, 13412)"
DiamondPeak Holdings Corp.,3/4/2019,25280H209,,
Tortoise Acquisition Corp.,3/4/2019,89154L209,Tortoise Acquisition Corp,"('Tortoise Acquisition Corp', 100, 13410)"
Acamar Partners Acquisition Corp.,2/26/2019,4285201,,
RMG Acquisition Corp.,2/12/2019,749641205,RMG Acquisition Corp,"('RMG Acquisition Corp', 100, 13400)"
Monocle Acquisition Corp.,2/11/2019,609754205,,
"Gores Metropoulos, Inc.",2/5/2019,382872208,Gores Metropoulos Inc,"('Gores Metropoulos Inc', 98, 13393)"
Pivotal Acquisition Corp.,2/4/2019,72583A200,,
Chardan Healthcare Acquisition Corp.,12/18/2018,09090D202,,
CF Finance Acquisition Corp.,12/17/2018,12528N206,CF Finance Acquisition Corp,"('CF Finance Acquisition Corp', 100, 13380)"
Schultze Special Purpose Acquisition Corp.,12/13/2018,80821R208,,
FinTech Acquisition Corp. III,11/20/2018,31811A309,Fintech Acquisition Corp III,"('Fintech Acquisition Corp III', 98, 13372)"
AMCI Acquisition Corp.,11/20/2018,00165R200,AMCI Acquisition Corp,"('AMCI Acquisition Corp', 100, 13370)"
Boxwood Merger Corp.,11/20/2018,10319T200,Boxwood Merger Corp,"('Boxwood Merger Corp', 100, 13371)"
Graf Industrial Corp.,10/18/2018,384278206,Graf Industrial Corp,"('Graf Industrial Corp', 100, 13347)"
DD3 Acquisition Corp.,10/16/2018,23318M209,Dd3 Acquisition Corp,"('Dd3 Acquisition Corp', 100, 13345)"
EdtechX Holdings Acquisition Corp.,10/10/2018,28139A201,,
ChaSerg Technology Acquisition Corp.,10/10/2018,16166A202,ChaSerg Technology Acquisition,"('ChaSerg Technology Acquisition', 95, 13338)"
"Gores Holdings III, Inc.",9/11/2018,38286G208,Gores Holdings III Inc,"('Gores Holdings III Inc', 98, 13311)"
Churchill Capital Corp.,9/11/2018,17142R202,Churchill Capital Corp,"('Churchill Capital Corp', 100, 13310)"
Megalith Financial Acquisition Corp.,8/28/2018,58518F208,Megalith Financial Acquisition,"('Megalith Financial Acquisition', 95, 13308)"
Forum Merger II Corp.,8/7/2018,34986F202,Forum Merger II Corp,"('Forum Merger II Corp', 100, 13299)"
Allegro Merger Corp.,7/6/2018,01749N301,Allegro Merger Corp,"('Allegro Merger Corp', 100, 13270)"
LF Capital Acquisition Corp.,6/22/2018,50200K207,Lf Capital Acquisition Corp,"('Lf Capital Acquisition Corp', 100, 13244)"
GS Acquisition Holdings Corp.,6/12/2018,92537N207,,
Trident Acquisitions Corp.,6/1/2018,89615T205,Trident Acquisition Corp,"('Trident Acquisition Corp', 98, 13232)"
Trinity Merger Corp.,5/17/2018,89653L205,Trinity Merger Corp,"('Trinity Merger Corp', 100, 13223)"
Pure Acquisition Corp.,4/17/2018,74621Q205,Pure Acquisition Corp,"('Pure Acquisition Corp', 100, 13199)"
Tiberius Acquisition Corp.,3/20/2018,88633A206,,
Opes Acquisition Corp.,3/16/2018,68373P209,,
DFB Healthcare Acquisition Corp.,2/21/2018,2.33E+212,,
Mudrick Capital Acquisition Corp.,2/12/2018,62477L206,,
Gordon Pointe Acquisition Corp.,1/30/2018,382788206,,
Mtech Acquisition Corp.,1/29/2018,55378W206,,
Platinum Eagle Acquisition Corp.,1/17/2018,727653206,,
Nebula Acquisition Corp.,1/12/2018,629076209,,
"GigCapital, Inc.",12/8/2017,37518N205,Gigcapital Inc,"('Gigcapital Inc', 97, 13135)"
Leisure Acquisition Corp.,12/5/2017,52539T206,Leisure Acquisition Corp,"('Leisure Acquisition Corp', 100, 13130)"
Big Rock Acquisition Partners Corp.,11/22/2017,89482202,,
Legacy Acquisition Corp.,11/17/2017,524643202,Legacy Acquisition,"('Legacy Acquisition', 95, 13121)"
Sentinel Energy Services Inc.,11/7/2017,81728P204,Sentinel Energy Svcs Inc,"('Sentinel Energy Svcs Inc', 92, 13107)"
Haymaker Acquisition Corp.,10/27/2017,420870206,,
Mosaic Acquisition Corp.,10/23/2017,61946M209,,
Black Ridge Acquisition Corp.,10/10/2017,09216T206,Black Ridge Acquisition Corp,"('Black Ridge Acquisition Corp', 100, 13076)"
Social Capital Hedosophia Holdings Corp.,9/18/2017,92766K205,Social Capital Hedosophia V,"('Social Capital Hedosophia V', 91, 13905)"
Draper Oakwood Technology Acquisition Inc.,9/15/2017,26146L202,,
I-AM Capital Acquisition Co.,8/22/2017,45074Q207,I-AM CAPITAL ACQUISITION Co,"('I-AM CAPITAL ACQUISITION Co', 100, 13055)"
Atlantic Acquisition Corp.,8/14/2017,48206205,,
Industrea Acquisition Corp.,8/1/2017,45579J203,Industrea Acquisition Corp,"('Industrea Acquisition Corp', 100, 13044)"
Pensare Acquisition Corp.,8/1/2017,7.10E+208,Pensare Acquisition Corp,"('Pensare Acquisition Corp', 100, 13045)"
Osprey Energy Acquisition Corp.,7/26/2017,688397207,,
Federal Street Acquisition Corp.,7/24/2017,31421V206,,
Bison Capital Acquisition Corp.,6/23/2017,1.14E+207,Bison Capital Acquisition Corp,"('Bison Capital Acquisition Corp', 100, 13017)"
Hennessy Capital Acquisition Corp. III,6/23/2017,42588L204,,
KBL Merger Corp. IV,6/7/2017,48242A203,KBL Merger IV Corp,"('KBL Merger IV Corp', 95, 13011)"
Modern Media Acquisition Corp.,5/17/2017,60765P202,Modern Media Acquisition Corp,"('Modern Media Acquisition Corp', 100, 13002)"
TPG Pace Energy Holdings Corp.,5/10/2017,872656202,TPG Pace Energy Holdings Corp,"('TPG Pace Energy Holdings Corp', 100, 12994)"
Vantage Energy Acquisition Corp.,4/17/2017,92211L204,,
Forum Merger Corp.,4/12/2017,34985B202,Forum Merger Corp,"('Forum Merger Corp', 100, 12975)"
Kayne Anderson Acquisition Corp.,4/4/2017,48661U201,,
Silver Run Acquisition Corp. II,3/29/2017,82812A202,Silver Run Acquisition Corp,"('Silver Run Acquisition Corp', 95, 12831)"
Matlin & Partners Acquisition Corp.,3/10/2017,57682V205,,
FinTech Acquisition Corp. II,1/19/2017,31810G208,Fintech Acquisition Corp II,"('Fintech Acquisition Corp II', 98, 12941)"
"Gores Holdings II, Inc.",1/12/2017,382867208,Gores Holdings II Inc,"('Gores Holdings II Inc', 98, 12940)"
Avista Healthcare Public Acquisition Corp.,10/14/2016,G07247110,,
Saban Capital Acquisition Corp.,9/21/2016,78516C205,Saban Capital Acquisition Corp,"('Saban Capital Acquisition Corp', 100, 12895)"
"M I Acquisitions, Inc.",9/13/2016,74275G206,M I Acquisitions Inc,"('M I Acquisitions Inc', 98, 12891)"
Conyers Park Acquisition Corp.,7/14/2016,212894208,,
M III Acquisition Corp.,7/7/2016,55378T203,M III Acquisition Corp,"('M III Acquisition Corp', 100, 12872)"
"Landcadia Holdings, Inc.",6/1/2016,51476W206,,
KLR Energy Acquisition Corp.,3/16/2016,777385204,,
Jensyn Acquisition Corp.,3/7/2016,47632B201,Jensyn Acquisition Corp,"('Jensyn Acquisition Corp', 100, 12832)"
Silver Run Acquisition Corp.,2/29/2016,82811P200,,
