SPAC IPO ,Date of IPO,CUSIP
Aetherium Acquisition Corp.,12/29/2021,00809J200
Welsbach Technology Metals Acquisition Corp.,12/27/2021,950415208
Arogo Capital Acquisition Corp.,12/23/2021,042644203
Gardiner Healthcare Acquisitions Corp.,12/21/2021,365506203
Larkspur Health Acquisition Corp.,12/20/2021,51724W206
Sagaliam Acquisition Corp.,12/20/2021,78661R205
NorthView Acquisition Corp.,12/20/2021,66718N202
Revelstone Capital Acquisition Corp.,12/16/2021,76137R205
AP Acquisition Corp.,12/16/2021,G04058122
CF Acquisition Corp. VII,12/15/2021,12521H206
Ault Disruptive Technologies Corp.,12/15/2021,05150A203
FTAC Emerald Acquisition Corp.,12/15/2021,29103K209
Spree Acquisition Corp. 1 Ltd,12/15/2021,G83745110
Swiftmerge Acquisition Corp.,12/14/2021,G63836129
EVe Mobility Acquisition Corp.,12/14/2021,G3218G125
Pearl Holdings Acquisition Corp.,12/14/2021,G44525122
Investcorp Europe Acquisition Corp. I,12/14/2021,G4923T121
Ahren Acquisition Corp.,12/14/2021,G01322117
Battery Future Acquisition Corp.,12/14/2021,G0888J116
Alpha Star Acquisition Corp.,12/13/2021,
Kairous Acquisition Corp. Ltd.,12/13/2021,G52131102
BurTech Acquisition Corp.,12/10/2021,123013203
Trajectory Alpha Acquisition Corp.,12/9/2021,89301B203
Financial Strategies Acquisition Corp.,12/9/2021,31772T206
Power & Digital Infrastructure Acquisition II Corp.,12/9/2021,73919C209
Healthcare AI Acquisition Corp.,12/9/2021,G4373K125
Athena Technology Acquisition Corp. II,12/9/2021,04687C204
Forbion European Acquisition Corp.,12/9/2021,G3619H128
Southport Acquisition Corp.,12/9/2021,84465L204
Growth For Good Acquisition Corp.,12/9/2021,G41522122
Target Global Acquisition I Corp.,12/8/2021,G8675N117
Jackson Acquisition Co.,12/8/2021,46653C205
Inception Growth Acquisition Ltd.,12/8/2021,45333D203
Emerging Markets Horizon Corp.,12/8/2021,G3033X113
Sculptor Acquisition Corp. I,12/8/2021,G7T983129
Integrated Wellness Acquisition Corp.,12/8/2021,G4828B126
Genesis Growth Tech Acquisition Corp.,12/8/2021,G3R23D110
Crypto 1 Acquisition Corp.,12/7/2021,G3168A128
Jupiter Wellness Acquisition Corp.,12/6/2021,48208E207
Motive Capital Corp. II,12/6/2021,G6293R122
APx Acquisition Corp. I,12/6/2021,G0440J117
Globalink Investment Inc.,12/6/2021,37892F208
BioPlus Acquisition Corp.,12/2/2021,G11217109
Blue Ocean Acquisition Corp.,12/2/2021,G1330L113
ST Energy Transition I Ltd.,12/2/2021,G8465L123
Bullpen Parlay Acquisition Co.,12/2/2021,G1792A126
Games & Esports Experience Acquisition Corp.,12/1/2021,G3731J101
ROC Energy Acquisition Corp.,12/1/2021,77118V207
UTA Acquisition Corp.,12/1/2021,G9473A125
TLGY Acquisition Corp.,11/30/2021,G8656T117
Capitalworks Emerging Markets Acquisition Corp.,11/30/2021,G1889L118
Roth CH Acquisition V Co.,11/30/2021,77867R209
PROOF Acquisition Corp. I,11/30/2021,74349W203
Canna-Global Acquisition Corp.,11/29/2021,13767K200
Beard Energy Transition Acquisition Corp.,11/23/2021,07402Q200
Everest Consolidator Acquisition Corp.,11/23/2021,29978K201
Vahanna Tech Edge Acquisition I Corp.,11/23/2021,G9320Z125
8i Acquisition 2 Corp.,11/22/2021,G2956R111
Mana Capital Acquisition Corp.,11/22/2021,56168P203
Legato Merger Corp. II,11/22/2021,52473Y203
FTAC Zeus Acquisition Corp.,11/18/2021,30320F205
Crescera Capital Acquisition Corp.,11/18/2021,G26507122
InFinT Acquisition Corp.,11/18/2021,G47862118
Infinite Acquisition Corp.,11/18/2021,G48028115
ALSP Orchid Acquisition Corp. I,11/18/2021,G0231L115
bleuacacia Ltd.,11/17/2021,G11728121
Seaport Global Acquisition II Corp.,11/17/2021,81221H204
Arisz Acquisition Corp.,11/17/2021,040450207
Nabors Energy Transition Corp.,11/16/2021,629567207
ShoulderUp Technology Acquisition Corp.,11/16/2021,82537G203
LF Capital Acquisition Corp. II,11/16/2021,50202D201
Energem Corp.,11/15/2021,G30449113
Integrated Rail & Resources Acquisition Corp.,11/11/2021,45827R205
Mountain Crest Acquisition Corp. V,11/11/2021,62404B206
LAMF Global Ventures Corp. I,11/10/2021,G5338L116
VMG Consumer Acquisition Corp.,11/10/2021,91842V201
Chain Bridge I,11/9/2021,G2061X128
Arena Fortify Acquisition Corp.,11/9/2021,04005A203
Ascendant Digital Acquisition Corp. III,11/9/2021,G05157121
Blockchain Coinvestors Acquisition Corp. I,11/9/2021,G11765123
RCF Acquisition Corp.,11/9/2021,G7330C128
Hunt Companies Acquisition Corp. I,11/8/2021,G46482116
Apeiron Capital Investment Corp.,11/8/2021,03752A200
OmniLit Acquisition Corp.,11/8/2021,68218C207
Green Visor Financial Technology Acquisition Corp. I,11/8/2021,G4166K118
DP Cap Acquisition Corp. I,11/8/2021,G2R05B118
New Providence Acquisition Corp. II,11/4/2021,64823D201
Mountain & Co. I Acquisition Corp.,11/4/2021,G6301J120
Mercato Partners Acquisition Corp.,11/4/2021,58759A207
Intelligent Medicine Acquisition Corp.,11/4/2021,45828D205
Rigel Resource Acquisition Corp.,11/4/2021,G7573M122
7 Acquisition Corp.,11/4/2021,G80694121
Sizzle Acquisition Corp.,11/3/2021,83014E208
Lionheart III Corp.,11/3/2021,536262207
Spindletop Health Acquisition Corp.,11/3/2021,84854Q202
Concord Acquisition Corp. III,11/3/2021,20607V205
Juniper II Corp.,11/3/2021,48203N202
Liberty Resources Acquisition Corp.,11/3/2021,53118A204
Semper Paratus Acquisition Corp.,11/3/2021,G8028L123
Digital Health Acquisition Corp.,11/3/2021,253893200
Finnovate Acquisition Corp.,11/3/2021,G3R34K129
Talon 1 Acquisition Corp.,11/3/2021,G86656124
Trine II Acquisition Corp.,11/2/2021,G9059F126
Fortune Rise Acquisition Corp.,11/2/2021,34969G201
Integral Acquisition Corp. 1,11/2/2021,45827K200
TG Venture Acquisition Corp.,11/2/2021,87251T208
McLaren Technology Acquisition Corp.,11/2/2021,58176U208
Onyx Acquisition Co. I,11/2/2021,G6755Q125
Vision Sensing Acquisition Corp.,10/29/2021,92838J202
SDCL Edge Acquisition Corp.,10/28/2021,G79471119
Project Energy Reimagined Acquisition Corp.,10/28/2021,G72556122
Cactus Acquisition Corp. 1 Ltd.,10/28/2021,G1745A116
AltEnergy Acquisition Corp.,10/28/2021,02157M207
Arbor Rapha Capital Bioholdings Corp. I,10/28/2021,03881F203
Perception Capital Corp. II,10/27/2021,G7007D128
Focus Impact Acquisition Corp.,10/27/2021,34417L208
Seaport Calibre Materials Acquisition Corp.,10/27/2021,812204204
Anthemis Digital Acquisitions I Corp.,10/27/2021,G03959122
Deep Medicine Acquisition Corp.,10/26/2021,243733201
LAVA Medtech Acquisition Corp.,10/26/2021,519345201
Pyrophyte Acquisition Corp.,10/26/2021,G7308P119
Innovative International Acquisition Corp.,10/26/2021,G4809M117
OPY Acquisition Corp. I,10/26/2021,671005205
TKB Critical Technologies 1,10/26/2021,G88935104
M3-Brigade Acquisition III Corp.,10/21/2021,55407R202
Pegasus Digital Mobility Acquisition Corp.,10/21/2021,G69768128
Iconic Sports Acquisition Corp.,10/21/2021,G4712C123
Newhold Investment Corp. II,10/20/2021,651450207
GoGreen Investments Corp.,10/20/2021,G9461B127
Global Technology Acquisition Corp. I,10/20/2021,G3934N123
Accretion Acquisition Corp.,10/20/2021,00438Y206
Thrive Acquisition Corp.,10/20/2021,G7158C127
ExcelFin Acquisition Corp.,10/20/2021,30069X201
Newcourt Acquisition Corp.,10/19/2021,G6448C111
"Industrial Human Capital, Inc.",10/19/2021,45617P203
Athena Consumer Acquisition Corp.,10/19/2021,04684M205
Enterprise 4.0 Technology Acquisition Corp.,10/19/2021,G3137C122
Worldwide Webb Acquisition Corp.,10/19/2021,G97775129
ESGEN Acquisition Corp.,10/19/2021,G3R95N129
Fintech Ecosystem Development Corp.,10/18/2021,318136207
Blockchain Moon Acquisition Corp.,10/18/2021,09370F208
Sportsmap Tech Acquisition Corp.,10/18/2021,84921J207
Achari Ventures Holdings Corp. I,10/15/2021,00444X200
Compass Digital Acquisition Corp.,10/15/2021,G2476C115
Founder SPAC,10/14/2021,G3661E122
Sanaby Health Acquisition Corp. I,10/14/2021,79956P201
PepperLime Health Acquisition Corp.,10/14/2021,G70021129
Tristar Acquisition I Corp.,10/13/2021,G9074V122
Black Mountain Acquisition Corp.,10/13/2021,09216A207
Rose Hill Acquisition Corp.,10/13/2021,G7637J115
Fat Projects Acquisition Corp.,10/12/2021,G3400W128
Gesher I Acquisition Corp.,10/12/2021,G38537117
Learn CW Investment Corp.,10/8/2021,G54157121
Schultze Special Purpose Acquisition Corp. II,10/7/2021,808212203
Maxpro Capital Acquisition Corp.,10/7/2021,57778T205
Hawks Acquisition Corp.,10/7/2021,42032P207
IX Acquisition Corp.,10/7/2021,G5000D129
Avalon Acquisition Inc.,10/5/2021,05338E200
Parsec Capital Acquisitions Corp.,10/5/2021,70184A207
Enphys Acquisition Corp.,10/5/2021,G3167L125
Phoenix Biotech Acquisition Corp.,10/5/2021,71902K204
Mount Rainier Acquisition Corp.,10/4/2021,623006202
Crixus BH3 Acquisition Corp.,10/4/2021,22677T201
"dMY Technology Group, Inc. VI",9/30/2021,233247204
Monterey Bio Acquisition Corp.,9/30/2021,61240F207
Marblegate Acquisition Corp.,9/30/2021,56608A204
Artemis Strategic Investment Corp.,9/29/2021,04303A202
Home Plate Acquisition Corp.,9/29/2021,43734R202
Hennessy Capital Investment Corp. VI,9/28/2021,42600H207
MELI Kaszek Pioneer Corp.,9/28/2021,G5S74L106
Parabellum Acquisition Corp.,9/27/2021,69901P208
Berenson Acquisition Corp. I,9/27/2021,083690206
"GigCapital5, Inc.",9/23/2021,37519U208
Direct Selling Acquisition Corp.,9/23/2021,25460L202
Live Oak Crestview Climate Acquisition Corp.,9/22/2021,538086208
Inflection Point Acquisition Corp.,9/21/2021,G47874105
Argus Capital Corp.,9/21/2021,04026L204
HHG Capital Corp.,9/20/2021,G4R23P137
SOAR Technology Acquisition Corp.,9/15/2021,G82472104
Sierra Lake Acquisition Corp.,9/14/2021,826332207
"CIIG Capital Partners II, Inc.",9/14/2021,12561U208
Aesther Healthcare Acquisition Corp.,9/14/2021,00809L205
WinVest Acquisition Corp.,9/14/2021,97655B208
Endurance Acquisition Corp.,9/14/2021,G3041W123
Pacifico Acquisition Corp.,9/13/2021,69512X202
SilverSPAC Inc.,9/9/2021,G8136V120
Bannix Acquisition Corp.,9/9/2021,066644204
"First Light Acquisition Group, Inc.",9/9/2021,320703200
Future Health ESG Corp.,9/9/2021,36118W201
Banner Acquisition Corp.,9/7/2021,06654K200
Digital World Acquisition Corp.,9/2/2021,25400Q204
Oxus Acquisition Corp.,9/2/2021,G6859L113
Insight Acquisition Corp.,9/1/2021,45784L209
DTRT Health Acquisition Corp.,9/1/2021,23344T202
Concord Acquisition Corp. II,8/31/2021,20607U207
CHW Acquisition Corp.,8/30/2021,G2254A117
Alpine Acquisition Corp.,8/30/2021,02083L208
Springwater Special Situations Corp.,8/25/2021,85205U206
Minority Equality Opportunities Acquisition Inc.,8/25/2021,60436Q209
Cascadia Acquisition Corp.,8/25/2021,14739D209
Waverley Capital Acquisition Corp. 1,8/19/2021,G06536125
Jupiter Acquisition Corp.,8/12/2021,482082203
CENAQ Energy Corp.,8/12/2021,15130M201
Armada Acquisition Corp. I,8/12/2021,04208V202
AxonPrime Infrastructure Acquisition Corp.,8/12/2021,05467C207
Kensington Capital Acquisition Corp. V,8/12/2021,G5251K111
PHP Ventures Acquisition Corp.,8/11/2021,69291C205
AfterNext HealthTech Acquisition Corp.,8/11/2021,G01109118
Oxbridge Acquisition Corp.,8/11/2021,G6855L125
TPB Acquisition Corp. I,8/10/2021,G8990L119
10X Capital Venture Acquisition Corp. II,8/10/2021,G87076124
Chardan NexTech Acquisition 2 Corp.,8/10/2021,159561208
Decarbonization Plus Acquisition Corp. IV,8/10/2021,G2773W129
World Quantum Growth Acquisition Corp.,8/10/2021,G5596W119
PONO Capital Corp.,8/10/2021,732450200
Avista Public Acquisition Corp. II,8/9/2021,G07247110
Conyers Park III Acquisition Corp.,8/9/2021,21289P201
"Abri Spac I, Inc.",8/9/2021,00085X204
Riverview Acquisition Corp.,8/5/2021,769395203
Nova Vision Acquisition Corp.,8/5/2021,G6759A126
Roth CH Acquisition IV Co.,8/5/2021,77867P203
Gladstone Acquisition Corp.,8/4/2021,37653T207
AMCI Acquisition Corp. II,8/3/2021,00166R209
Blue Whale Acquisition Corp. I,8/3/2021,G1330M111
Healthwell Acquisition Corp. I,8/2/2021,42227R208
XPAC Acquisition Corp.,7/30/2021,G9831X114
Software Acquisition Group Inc. III,7/28/2021,83407J202
International Media Acquisition Corp.,7/28/2021,459867206
Metals Acquisition Corp.,7/28/2021,G60405118
Alpha Partners Technology Merger Corp.,7/27/2021,G63290129
Mercury Ecommerce Acquisition Corp.,7/27/2021,589381201
DA32 Life Science Tech Acquisition Corp.,7/27/2021,
Alpha Healthcare Acquisition Corp. III,7/26/2021,02073F203
Williams Rowland Acquisition Corp.,7/26/2021,96951B201
Belong Acquisition Corp.,7/22/2021,08069M201
Portage Fintech Acquisition Corp.,7/20/2021,G7185D122
TortoiseEcofin Acquisition Corp. III,7/19/2021,G8956E208
Clover Leaf Capital Corp.,7/19/2021,18915E204
Chavant Capital Acquisition Corp.,7/19/2021,G2058L129
Bilander Acquisition Corp.,7/15/2021,09001T205
StoneBridge Acquisition Corp.,7/15/2021,G85094111
Black Spade Acquisition Co.,7/15/2021,G11537126
TradeUP Acquisition Corp.,7/14/2021,89268A206
JATT Acquisition Corp.,7/14/2021,G50752115
CleanTech Acquisition Corp.,7/14/2021,18453L206
Good Works II Acquisition Corp.,7/12/2021,38216G203
ARYA Sciences Acquisition Corp. V,7/12/2021,
Acropolis Infrastructure Acquisition Corp.,7/8/2021,005029202
Galata Acquisition Corp.,7/8/2021,G3R23A124
AltC Acquisition Corp.,7/7/2021,
Agrico Acquisition Corp.,7/7/2021,G41089122
Corsair Partnering Corp.,6/30/2021,G2540H124
G3 VRM Acquisition Corp.,6/30/2021,362425209
Social Capital Suvretta Holdings Corp. IV,6/30/2021,
Social Capital Suvretta Holdings Corp. I,6/30/2021,
Social Capital Suvretta Holdings Corp. II,6/30/2021,
Social Capital Suvretta Holdings Corp. III,6/30/2021,
Frontier Investment Corp.,6/30/2021,G36816117
Macondray Capital Acquisition Corp. I,6/30/2021,G5853A123
Shelter Acquisition Corp. I,6/29/2021,822821203
"Thunder Bridge Capital Partners IV, Inc.",6/29/2021,88605L206
Mountain Crest Acquisition Corp. IV,6/29/2021,62403K207
Elliott Opportunity II Corp.,6/28/2021,G30092129
Gobi Acquisition Corp.,6/28/2021,
FinTech Acquisition Corp. VI,6/23/2021,31811H205
Northern Lights Acquisition Corp.,6/23/2021,66538L204
Coliseum Acquisition Corp.,6/22/2021,G2263T115
Golden Path Acquisition Corp.,6/22/2021,G4028H139
JAWS Juggernaut Acquisition Corp.,6/17/2021,G50735128
Corner Growth Acquisition Corp. 2,6/16/2021,G2426E112
Rice Acquisition Corp. II,6/15/2021,G75529118
Zimmer Energy Transition Acquisition Corp.,6/15/2021,989570205
"G Squared Ascend II, Inc.",6/14/2021,G42041114
Dila Capital Acquisition Corp.,6/14/2021,254028202
Jaws Hurricane Acquisition Corp.,6/10/2021,47201B202
Logistics Innovation Technologies Corp.,6/10/2021,54141L209
Lakeshore Acquisition I Corp.,6/10/2021,G53521129
Iron Spark I Inc.,6/9/2021,
Summit Healthcare Acquisition Corp.,6/9/2021,G8566R128
Blue Safari Group Acquisition Corp.,6/9/2021,G1195R122
Global Consumer Acquisition Corp.,6/8/2021,37892B207
Colombier Acquisition Corp.,6/8/2021,19533H207
SPK Acquisition Corp.,6/7/2021,848651204
OceanTech Acquisitions I Corp.,5/27/2021,675507206
Post Holdings Partnering Corp.,5/25/2021,737465203
EG Acquisition Corp.,5/25/2021,26846A209
Dynamics Special Purpose Corp.,5/25/2021,
Fifth Wall Acquisition Corp. III,5/24/2021,
Graf Acquisition Corp. IV,5/21/2021,384272209
Angel Pond Holdings Corp.,5/18/2021,G0447J110
Aries I Acquisition Corp.,5/18/2021,G0542N115
Catalyst Partners Acquisition Corp.,5/18/2021,G19550113
Skydeck Acquisition Corp.,5/18/2021,G82220107
"GigInternational1, Inc.",5/18/2021,37518W205
Mountain Crest Acquisition Corp. III,5/17/2021,62402U206
Artisan Acquisition Corp.,5/13/2021,G0509L110
Osiris Acquisition Corp.,5/13/2021,68829A202
Orion Biotech Opportunities Corp.,5/12/2021,G6780C125
B. Riley Principal 250 Merger Corp.,5/7/2021,05602L203
Data Knights Acquisition Corp.,5/7/2021,237699202
Maquia Capital Acquisition Corp.,5/4/2021,56564V200
Valor Latitude Acquisition Corp.,5/3/2021,G9460N114
ION Acquisition Corp. 3 Ltd.,4/29/2021,
"Big Sky Growth Partners, Inc.",4/28/2021,08954L201
TradeUP Global Corp.,4/28/2021,G89877123
TPG Pace Beneficial II Corp.,4/13/2021,
TCV Acquisition Corp.,4/13/2021,
Global SPAC Partners Co.,4/8/2021,G3934K137
Aldel Financial Inc.,4/8/2021,01407X203
TPG Pace Solutions Corp.,4/8/2021,
Tio Tech A,4/7/2021,G8T10C122
Model Performance Acquisition Corp.,4/7/2021,G6246M113
CM Life Sciences III Inc.,4/6/2021,125841205
Panacea Acquisition Corp. II,4/6/2021,
Ace Global Business Acquisition Ltd.,4/5/2021,G0083E128
Nocturne Acquisition Corp.,3/31/2021,G6580S122
two,3/29/2021,
"Landcadia Holdings IV, Inc.",3/24/2021,51477A203
Northern Genesis Acquisition Corp. III,3/24/2021,66516W206
MSD Acquisition Corp.,3/24/2021,G5709C117
Corazon Capital V838 Monoceros Corp.,3/23/2021,G24237110
Khosla Ventures Acquisition Co. II,3/23/2021,
Decarbonization Plus Acquisition Corp. III,3/23/2021,24279D204
Khosla Ventures Acquisition Co. III,3/23/2021,
Disruptive Acquisition Corp. I,3/23/2021,G2770Y110
Newbury Street Acquisition Corp.,3/22/2021,65101L203
ArcLight Clean Transition Corp. II,3/22/2021,G0R21B120
Rocket Internet Growth Opportunities Corp.,3/22/2021,G7613T111
TB SA Acquisition Corp.,3/22/2021,G8657L113
Virgin Group Acquisition Corp. II,3/22/2021,G9460K110
"Supernova Partners Acquisition Co. III, Ltd.",3/22/2021,G8T90F110
"Gores Guggenheim, Inc.",3/22/2021,38286Q206
Magnum Opus Acquisition Ltd.,3/22/2021,G5S70A120
Dragoneer Growth Opportunities Corp. III,3/22/2021,
"Lead Edge Growth Opportunities, Ltd.",3/22/2021,G54085124
NextGen Acquisition Corp. II,3/22/2021,G65317110
Glass Houses Acquisition Corp.,3/22/2021,37714P202
LDH Growth Corp. I,3/18/2021,G54094118
Longview Acquisition Corp. II,3/18/2021,54319Q204
Levere Holdings Corp.,3/18/2021,G5462L114
Glenfarne Merger Corp.,3/18/2021,378579205
AF Acquisition Corp.,3/18/2021,001040203
BYTE Acquisition Corp.,3/18/2021,G1R25Q121
American Acquisition Opportunity Inc.,3/17/2021,02369M201
Forum Merger IV Corp.,3/17/2021,349875203
GX Acquisition Corp. II,3/17/2021,36260F204
Revolution Healthcare Acquisition Corp.,3/17/2021,76155Y207
Research Alliance Corp. II,3/17/2021,
Accelerate Acquisition Corp.,3/17/2021,00439D201
KKR Acquisition Holdings I Corp.,3/16/2021,48253T208
Athena Technology Acquisition Corp.,3/16/2021,04687A208
Tech & Energy Transition Corp.,3/16/2021,87823R201
Golden Arrow Merger Corp.,3/16/2021,380799205
Kadem Sustainable Impact Corp.,3/16/2021,48284E204
Build Acquisition Corp.,3/16/2021,12008J204
Reinvent Technology Partners Y,3/15/2021,G7484L114
European Biotech Acquisition Corp.,3/15/2021,G3167F110
Fortress Value Acquisition Corp. IV,3/15/2021,34964K207
Plum Acquisition Corp. I,3/15/2021,G7134L100
Waldencast Acquisition Corp.,3/15/2021,G9460C126
FAST Acquisition Corp. II,3/15/2021,311874200
"Gores Technology Partners II, Inc.",3/11/2021,38287L206
"Gores Technology Partners, Inc.",3/11/2021,382870202
Ross Acquisition Corp. II,3/11/2021,G7641C122
FTAC Parnassus Acquisition Corp.,3/11/2021,30319B207
Stratim Cloud Acquisition Corp.,3/11/2021,86309R206
CF Acquisition Corp. VIII,3/11/2021,12520C208
Silver Spike Acquisition Corp. II,3/10/2021,G8201H121
G&P Acquisition Corp.,3/10/2021,36146G202
Archimedes Tech SPAC Partners Co.,3/10/2021,039562202
Frontier Acquisition Corp.,3/10/2021,G36826116
Pine Technology Acquisition Corp.,3/10/2021,722850203
L Catterton Asia Acquisition Corp.,3/10/2021,G5346G109
Agile Growth Corp.,3/9/2021,G01202129
Digital Transformation Opportunities Corp.,3/9/2021,25401K206
Colonnade Acquisition Corp. II,3/9/2021,G2284B127
Vector Acquisition Corp. II,3/9/2021,
Sandbridge X2 Corp.,3/9/2021,799792205
Forest Road Acquisition Corp. II,3/9/2021,34619V202
ESM Acquisition Corp.,3/9/2021,G3195H120
PWP Forward Acquisition Corp. I,3/9/2021,74709Q200
Peridot Acquisition Corp. II,3/8/2021,G7008B113
SVF Investment Corp. 2,3/8/2021,
SVF Investment Corp. 3,3/8/2021,
Independence Holdings Corp.,3/8/2021,G4761A119
VPC Impact Acquisition Holdings II,3/4/2021,G9460L100
Tribe Capital Growth Corp. I,3/4/2021,89601Y200
"VPC Impact Acquisition Holdings III, Inc.",3/4/2021,91835J207
First Reserve Sustainable Growth Corp.,3/4/2021,336169206
Property Solutions Acquisition Corp. II,3/4/2021,74350A207
Lerer Hippeau Acquisition Corp.,3/4/2021,
Interprivate II Acquisition Corp.,3/4/2021,46064Q207
Interprivate III Financial Partners Inc.,3/4/2021,46064R205
InterPrivate IV InfraTech Partners Inc.,3/4/2021,46064T201
Warburg Pincus Capital Corp. I-A,3/4/2021,G9461D123
Warburg Pincus Capital Corp. I-B,3/4/2021,G9460M116
"dMY Technology Group, Inc. IV",3/4/2021,23344K201
Tailwind Two Acquisition Corp.,3/4/2021,G86613117
Twin Ridge Capital Acquisition Corp.,3/3/2021,G9151L112
Altimar Acquisition Corp. III,3/3/2021,G0370U124
FTAC Hera Acquisition Corp.,3/3/2021,G3728Y129
Atlantic Coastal Acquisition Corp.,3/3/2021,048453203
RXR Acquisition Corp.,3/3/2021,74981W206
Khosla Ventures Acquisition Co.,3/3/2021,
Aurora Acquisition Corp.,3/3/2021,G0698L111
M3-Brigade Acquisition II Corp.,3/3/2021,553800202
Roth CH Acquisition III Co.,3/2/2021,77867Q201
Isos Acquisition Corp.,3/2/2021,G4962C120
Live Oak Mobility Acquisition Corp.,3/2/2021,538126202
Mission Advancement Corp.,3/2/2021,60501L200
Arrowroot Acquisition Corp.,3/2/2021,04282M201
Goldenbridge Acquisition Ltd.,3/1/2021,G3970D112
Northern Star Investment Corp. IV,3/1/2021,66575B200
Northern Star Investment Corp. III,3/1/2021,66574L209
TCW Special Purpose Acquisition Corp.,3/1/2021,87301L205
"Advanced Merger Partners, Inc.",3/1/2021,00777J208
Anzu Special Acquisition Corp. I,3/1/2021,03737A200
"Supernova Partners Acquisition Co. II, Ltd.",3/1/2021,G8T86C113
Nightdragon Acquisition Corp.,3/1/2021,65413D204
Fintech Evolution Acquisition Group,3/1/2021,G3R19A112
Haymaker Acquisition Corp. III,3/1/2021,42087R207
DHB Capital Corp.,3/1/2021,23291W208
Orion Acquisition Corp.,3/1/2021,68626A207
DHC Acquisition Corp.,3/1/2021,G2758T125
Leo Holdings III Corp.,2/26/2021,G5463T116
Ibere Pharmaceuticals,2/26/2021,G46843127
African Gold Acquisition Corp.,2/25/2021,G0112R116
Kensington Capital Acquisition Corp. II,2/25/2021,49006L203
Fusion Acquisition Corp. II,2/25/2021,36118N201
MCAP Acquisition Corp.,2/25/2021,55282T208
Twelve Seas Investment Co. II,2/25/2021,90118T205
Silverbox Engaged Merger Corp. I,2/25/2021,82836L200
Warrior Technologies Acquisition Co.,2/25/2021,936273200
ARYA Sciences Acquisition Corp. IV,2/25/2021,
Freedom Acquisition I Corp.,2/25/2021,G3663X102
Austerlitz Acquisition Corp. II,2/25/2021,G0633U119
Austerlitz Acquisition Corp. I,2/25/2021,G0633D117
Isleworth Healthcare Acquisition Corp.,2/24/2021,46468P201
"Gores Holdings VIII, Inc.",2/24/2021,382863207
Hudson Executive Investment Corp. III,2/24/2021,44376L206
Flame Acquisition Corp.,2/24/2021,33850F207
USHG Acquisition Corp.,2/24/2021,91748P209
EJF Acquisition Corp.,2/24/2021,G2955B117
Soaring Eagle Acquisition Corp.,2/23/2021,G8354H100
"Gores Holdings VII, Inc.",2/23/2021,38286T200
BOA Acquisition Corp.,2/23/2021,05601A208
Colicity Inc.,2/23/2021,194170205
Cartesian Growth Corp.,2/23/2021,G19276123
FTAC Athena Acquisition Corp.,2/22/2021,G37283127
CM Life Sciences II Inc.,2/22/2021,125842203
Slam Corp.,2/22/2021,G8210L113
Velocity Acquisition Corp.,2/22/2021,92259E203
Arctos Northstar Acquisition Corp.,2/22/2021,G0477L118
B. Riley Principal 150 Merger Corp.,2/18/2021,05601V202
CF Acquisition Corp. VI,2/18/2021,12521J202
Alpha Capital Acquisition Co.,2/18/2021,G0316P114
Tailwind International Acquisition Corp.,2/18/2021,G8662F127
"Simon Property Group Acquisition Holdings, Inc.",2/18/2021,82880R202
Figure Acquisition Corp. I,2/18/2021,302438205
Kismet Acquisition Three Corp.,2/17/2021,G5276C128
Kismet Acquisition Two Corp.,2/17/2021,G52807123
SportsTek Acquisition Corp.,2/17/2021,849196209
Finserv Acquisition Corp. II,2/17/2021,31809Y202
Medicus Sciences Acquisition Corp.,2/16/2021,G5960S116
FS Development Corp. II,2/16/2021,
Pathfinder Acquisition Corp.,2/16/2021,G04119114
Moringa Acquisition Corp.,2/16/2021,G6S23K116
New Vista Acquisition Corp.,2/16/2021,G6529L113
ABG Acquisition Corp. I,2/16/2021,
Churchill Capital Corp. VII,2/12/2021,17144M201
Churchill Capital Corp. VI,2/12/2021,17143W200
Tishman Speyer Innovation Corp. II,2/11/2021,88825H209
Bite Acquisition Corp.,2/11/2021,09175K204
Social Leverage Acquisition Corp. I,2/11/2021,83363K201
Catcha Investment Corp.,2/11/2021,G1962Y128
Broadscale Acquisition Corp.,2/11/2021,11134Y200
Tuatara Capital Acquisition Corp.,2/11/2021,G9118J127
Rosecliff Acquisition Corp. I,2/11/2021,77732R202
Goal Acquisitions Corp.,2/10/2021,38021H206
ION Acquisition Corp. 2 Ltd.,2/10/2021,G49393120
Apollo Strategic Growth Capital II,2/9/2021,G0412A110
Foresight Acquisition Corp.,2/9/2021,34552Y205
ScION Tech Growth II,2/9/2021,G31070124
Power & Digital Infrastructure Acquisition Corp.,2/9/2021,739190205
Lazard Growth Acquisition Corp. I,2/9/2021,G54035129
Adara Acquisition Corp.,2/8/2021,00653H201
Venus Acquisition Corp.,2/8/2021,G9420F136
Pivotal Investment Corp. III,2/8/2021,72582M205
ECP Environmental Growth Opportunities Corp.,2/8/2021,26829T209
Spartan Acquisition Corp. III,2/8/2021,84677R205
Evo Acquisition Corp.,2/8/2021,30052G207
"GigCapital4, Inc.",2/8/2021,37518G200
Priveterra Acquisition Corp.,2/8/2021,74275N201
Crown PropTech Acquisitions,2/8/2021,G25741128
Alkuri Global Acquisition Corp.,2/5/2021,66981N202
Progress Acquisition Corp.,2/5/2021,74327P204
RMG Acquisition Corp. III,2/4/2021,G76088114
Thunder Bridge Capital Partners III Inc.,2/4/2021,88605T209
Sustainable Development Acquisition I Corp.,2/4/2021,86934L202
Compute Health Acquisition Corp.,2/4/2021,204833206
JOFF Fintech Acquisition Corp.,2/4/2021,46592C209
Quantum FinTech Acquisition Corp.,2/4/2021,74767A204
Fifth Wall Acquisition Corp. I,2/4/2021,
COVA Acquisition Corp.,2/4/2021,G2554Y112
G Squared Ascend I Inc.,2/4/2021,G4204R125
Altimar Acquisition Corp. II,2/4/2021,G03709113
HH&L Acquisition Co.,2/4/2021,G39714111
Centricus Acquisition Corp.,2/3/2021,G2072Q112
Atlas Crest Investment Corp. II,2/3/2021,049287204
Decarbonization Plus Acquisition Corp. II,2/3/2021,242794204
Astrea Acquisition Corp.,2/3/2021,04637C205
Novus Capital Corp. II,2/3/2021,67012W203
Itiquira Acquisition Corp.,2/3/2021,G49773123
"Kernel Group Holdings, Inc.",2/2/2021,G5259L111
CC Neuberger Principal Holdings III,2/2/2021,G1992N118
Gaming & Hospitality Acquisition Corp.,2/2/2021,364681205
Jaws Mustang Acquisition Corp.,2/2/2021,G50737116
The Music Acquisition Corp.,2/2/2021,62752R209
Noble Rock Acquisition Corp.,2/1/2021,G6546R127
MDH Acquisition Corp.,2/1/2021,55283P205
Ares Acquisition Corp.,2/1/2021,G33032114
Thimble Point Acquisition Corp.,2/1/2021,88408P206
Growth Capital Acquisition Corp.,1/29/2021,39986V206
EQ Health Acquisition Corp.,1/29/2021,26886A200
Brookline Capital Acquisition Corp.,1/28/2021,11374E203
CF Acquisition Corp. V,1/28/2021,12520R205
Z-Work Acquisition Corp.,1/28/2021,98880C201
"Mason Industrial Technology, Inc.",1/28/2021,57520Y205
BlueRiver Acquisition Corp.,1/28/2021,G1261Q123
Clarim Acquisition Corp.,1/28/2021,18049C207
ITHAX Acquisition Corp.,1/27/2021,G49775110
TLG Acquisition One Corp.,1/27/2021,87257M207
Ignyte Acquisition Corp.,1/27/2021,45175H205
Hudson Executive Investment Corp. II,1/26/2021,443760202
Fortistar Sustainable Solutions Corp.,1/26/2021,34962M205
D & Z Media Acquisition Corp.,1/26/2021,23305Q205
Climate Real Impact Solutions II Acquisition Corp.,1/26/2021,187171202
Constellation Acquisition Corp. I,1/26/2021,G2R18K121
CA Healthcare Acquisition Corp.,1/26/2021,12510W206
HealthCor Catalio Acquisition Corp.,1/26/2021,
Biotech Acquisition Co.,1/25/2021,G1125A124
Bridgetown 2 Holdings Ltd.,1/25/2021,
Northern Star Investment Corp. II,1/25/2021,66573W206
Science Strategic Acquisition Corp. Alpha,1/25/2021,808641203
LMF Acquisition Opportunities Inc.,1/25/2021,502015209
DiamondHead Holdings Corp.,1/24/2021,25278L204
North Atlantic Acquisition Corp.,1/22/2021,G66139117
Jack Creek Investments Corp.,1/21/2021,G4989X107
Liberty Media Acquisition Corp.,1/21/2021,53073L203
Virtuoso Acquisition Corp.,1/21/2021,92837J203
European Sustainable Growth Acquisition Corp.,1/21/2021,G3194F125
One Equity Partners Open Water I Corp.,1/21/2021,68237L204
Primavera Capital Acquisition Corp.,1/21/2021,G7255E125
SCP & CO Healthcare Acquisition Co.,1/20/2021,784065203
Legato Merger Corp.,1/19/2021,52473X205
FoxWayne Enterprises Acquisition Corp.,1/19/2021,35166L208
"Gores Metropoulos II, Inc.",1/19/2021,382873206
TZP Strategies Acquisition Corp.,1/19/2021,G91595127
Queen's Gambit Growth Capital,1/19/2021,G7315C127
Oyster Enterprises Acquisition Corp.,1/19/2021,69242M203
Group Nine Acquisition Corp.,1/15/2021,39947R203
Rotor Acquisition Corp.,1/14/2021,77879W204
Healthcare Capital Corp.,1/14/2021,42228C200
Authentic Equity Acquisition Corp.,1/14/2021,G06607116
26 Capital Acquisition Corp.,1/14/2021,90138P209
Monument Circle Acquisition Corp.,1/14/2021,61531M200
OCA Acquisition Corp.,1/14/2021,670865203
Hennessy Capital Investment Corp. V,1/14/2021,42589T206
Thoma Bravo Advantage,1/14/2021,
Edify Acquisition Corp.,1/14/2021,28059Q202
Class Acceleration Corp.,1/14/2021,18274B205
Silver Crest Acquisition Corp.,1/13/2021,G81355110
Fortress Capital Acquisition Corp.,1/13/2021,G36427113
Environmental Impact Acquisition Corp.,1/13/2021,29408N205
Pontem Corp.,1/13/2021,G71707114
Marlin Technology Corp.,1/12/2021,G58411128
"Hamilton Lane Alliance Holdings I, Inc.",1/12/2021,40749M202
Deep Lake Capital Acquisition Corp.,1/12/2021,G27029126
Northern Genesis Acquisition Corp. II,1/12/2021,66516U200
Athlon Acquisition Corp.,1/11/2021,04748A205
Big Cypress Acquisition Corp.,1/11/2021,089115208
KludeIn I Acquisition Corp.,1/11/2021,49878L208
Global Partner Acquisition Corp. II,1/11/2021,G3934P110
"890 5th Avenue Partners, Inc.",1/11/2021,28250A204
Adit EdTech Acquisition Corp.,1/11/2021,007024201
Tastemaker Acquisition Corp.,1/8/2021,876545203
LightJump Acquisition Corp.,1/8/2021,53228M205
Leo Holdings Corp. II,1/7/2021,G5463R110
Epiphany Technology Acquisition Corp.,1/7/2021,29429X208
Empowerment & Inclusion Capital I Corp.,1/7/2021,29248N209
KL Acquisition Corp,1/7/2021,49837C208
Switchback II Corp.,1/7/2021,G8633T123
Altimeter Growth Corp. 2,1/7/2021,
Global Synergy Acquisition Corp.,1/7/2021,G3934J114
Locust Walk Acquisition Corp.,1/7/2021,54015L301
SVF Investment Corp.,1/7/2021,G8601L110
Mountain Crest Acquisition Corp. II,1/7/2021,62402D204
Pioneer Merger Corp.,1/7/2021,G7S24C129
Provident Acquisition Corp.,1/7/2021,G7282L118
Prospector Capital Corp.,1/7/2021,G7273A121
Powered Brands,1/7/2021,G7209M124
Vickers Vantage Corp. I,1/6/2021,G9440B123
Ivanhoe Capital Acquisition Corp.,1/6/2021,G4R87P122
Poema Global Holdings Corp.,1/6/2021,G7154B123
VectoIQ Acquisition Corp. II,1/6/2021,92244F208
Omega Alpha SPAC,1/6/2021,
Sports Ventures Acquisition Corp.,1/5/2021,G8372A111
Star Peak Corp. II,1/5/2021,855179206
Bright Lights Acquisition Corp.,1/5/2021,10920K200
Crucible Acquisition Corp.,1/5/2021,22877P207
Kairos Acquisition Corp.,1/5/2021,G52110122
Benessere Capital Acquisition Corp.,1/4/2021,08179B202
Fortress Value Acquisition Corp. III,1/4/2021,34964G206
Ventoux CCM Acquisition Corp.,12/23/2020,92280L200
Viveon Health Acquisition Corp.,12/23/2020,92853V205
Healthcare Services Acquisition Corp.,12/22/2020,42227K203
CF Acquisition Corp. IV,12/22/2020,12520T201
7GC & Co. Holdings Inc.,12/22/2020,81786A206
Ackrell SPAC Partners I Co.,12/21/2020,00461L204
Dune Acquisition Corp.,12/17/2020,265334201
MedTech Acquisition Corp.,12/17/2020,58507N204
Golden Falcon Acquisition Corp.,12/17/2020,38102H208
Seven Oaks Acquisition Corp.,12/17/2020,81787X205
INSU Acquisition Corp. III,12/17/2020,457817302
ScION Tech Growth I,12/16/2020,G31067120
Corner Growth Acquisition Corp.,12/16/2020,G2425N121
Blue Water Acquisition Corp.,12/15/2020,09607T203
"KINS Technology Group, Inc.",12/15/2020,49714K208
Churchill Capital Corp. V,12/15/2020,17144T206
Americas Technology Acquisition Corp.,12/15/2020,G0404A128
Marquee Raine Acquisition Corp.,12/14/2020,G58442115
"CBRE Acquisition Holdings, Inc.",12/11/2020,12510J205
EdTechX Holdings Acquisition Corp. II,12/10/2020,28139A201
Delwinds Insurance Acquisition Corp.,12/10/2020,24803C201
"Gores Holdings VI, Inc.",12/10/2020,38286R204
Thayer Ventures Acquisition Corp.,12/10/2020,88332T209
RMG Acquisition Corp. II,12/10/2020,G76083115
Globis Acquisition Corp.,12/10/2020,379582208
Roth CH Acquisition II Co.,12/10/2020,778673202
Senior Connect Acquisition Corp.,12/10/2020,81723H207
Motive Capital Corp.,12/10/2020,G6293A129
Carney Technology Acquisition Corp. II,12/9/2020,143636207
Periphas Capital Partnering Corp.,12/9/2020,713895209
Frazier Lifesciences Acquisition Corp.,12/9/2020,G3710A121
Altitude Acquisition Corp.,12/8/2020,02156Y202
Nebula Caravel Acquisition Corp.,12/8/2020,629070202
HumanCo Acquisition Corp.,12/8/2020,44487N208
Mudrick Capital Acquisition Corp. II,12/7/2020,62477L206
Concord Acquisition Corp.,12/7/2020,206071201
DD3 Acquisition Corp. II,12/7/2020,23318M209
Revolution Acceleration Acquisition Corp.,12/7/2020,76156P205
PropTech Investment Corp. II,12/3/2020,743497208
FinTech Acquisition Corp. V,12/3/2020,31810Q305
Capitol Investment Corp. V,12/2/2020,14064F209
Live Oak Acquisition Corp. II,12/2/2020,53804W205
Highland Transcend Partners I Corp.,12/2/2020,G44690116
Rodgers Silicon Valley Acquisition Corp.,12/2/2020,774873202
Far Peak Acquisition Corp.,12/2/2020,G3312L129
Jaws Spitfire Acquisition Corp.,12/2/2020,G58442115
Trepont Acquistion Corp. I,12/1/2020,G9095M119
Seaport Global Acquisition Corp.,11/30/2020,812227205
10X Capital Venture Acquisition Corp.,11/24/2020,88025V206
Forest Road Acquisition Corp.,11/24/2020,34619R201
Spartan Acquisition Corp. II,11/24/2020,846775203
Spring Valley Acquisition Corp.,11/23/2020,
Genesis Park Acquisition Corp.,11/23/2020,
Breeze Holdings Acquisition Corp.,11/23/2020,106762206
Tiga Acquisition Corp.,11/23/2020,G88672129
LifeSci Acquisition II Corp.,11/20/2020,
Omnichannel Acquisition Corp.,11/20/2020,68218L207
Aequi Acquisition Corp.,11/19/2020,00775W201
Cascade Acquisition Corp.,11/19/2020,147151203
Kingswood Global Holdings Inc.,11/19/2020,496861204
Consonance-HFW Acquisition Corp.,11/18/2020,
Investindustrial Acquisition Corp.,11/18/2020,G4771L121
L&F Acquisition Corp.,11/18/2020,G53702125
Jiya Acquisition Corp.,11/18/2020,
Reinvent Technology Partners Z,11/18/2020,
"Population Health Investment Co., Inc.",11/18/2020,G71716123
OTR Acquisition Corp.,11/17/2020,67113Q204
Pine Island Acquisition Corp.,11/16/2020,722615200
Zanite Acquisition Corp.,11/16/2020,98907K202
Dragoneer Growth Opportunities Corp. II,11/16/2020,
Better World Acquisition Corp.,11/12/2020,08772B203
CF Finance Acquisition Corp. III,11/12/2020,12529D207
"dMY Technology Group, Inc. III",11/12/2020,US2332782091
Health Assurance Acquisition Corp.,11/12/2020,42226W208
Northern Star Acquisition Corp.,11/10/2020,665742201
Natural Order Acquisition Corp.,11/10/2020,63889L206
Edoc Acquisition Corp.,11/9/2020,
TS Innovation Acquisitions Corp.,11/9/2020,87284T209
Roman DBDR Tech Acquisition Corp.,11/6/2020,77584N200
New Beginnings Acquisition Corp.,10/29/2020,64222H209
CONX Corp.,10/29/2020,212873202
Bull Horn Holdings Corp,10/29/2020,
Duddell Street Acquisition Corp.,10/28/2020,G28553124
Bluescape Opportunities Acquisition Corp.,10/27/2020,G1195N121
Mallard Acquisition Corp.,10/27/2020,561204207
Atlas Crest Investment Corp.,10/27/2020,049284201
Ajax I,10/27/2020,G1993M119
Lux Health Tech Acquisition Corp.,10/26/2020,55068A209
Eucrates Biomedical Acquisition Corp.,10/23/2020,G3141W114
Acies Acquisition Corp.,10/22/2020,
Altimar Acquisition Corp.,10/22/2020,G03707125
Tekkorp Digital Acquisition Corp.,10/21/2020,G8739H122
Yellowstone Acquisition Corp.,10/21/2020,98566K204
"DPCM Capital, Inc.",10/21/2020,23344P200
Cerberus Telecom Acquisition Corp.,10/21/2020,
BCLS Acquisition Corp.,10/21/2020,
Rice Acquisition Corp.,10/21/2020,762594208
Good Works Acquisition Corp.,10/20/2020,38216X206
"Supernova Partners Acquisition Co., Inc.",10/20/2020,86846V207
Sarissa Capital Acquisition Corp.,10/20/2020,
H.I.G. Acquisition Corp,10/20/2020,G44898115
Lefteris Acquisition Corp.,10/20/2020,52470X208
Decarbonization Plus Acquisition Corp.,10/19/2020,242797207
Horizon Acquisition Corp. II,10/19/2020,G46044122
Helix Acquisition Corp.,10/19/2020,
Bridgetown Holdings Ltd.,10/16/2020,G1355U105
Motion Acquisition Corp.,10/15/2020,61980M206
Spartacus Acquisition Corp.,10/15/2020,84677L208
Turmeric Acquisition Corp.,10/15/2020,G9127T116
5:01 Acquisition Corp.,10/13/2020,
Petra Acquisition Inc.,10/8/2020,716421201
"Landcadia Holdings III, Inc.",10/8/2020,51476H209
Social Capital Hedosophia Holdings Corp. VI,10/8/2020,G8251L121
Social Capital Hedosophia Holdings Corp. V,10/8/2020,
Social Capital Hedosophia Holdings Corp. IV,10/8/2020,G82514129
Montes Archimedes Acquisition Corp.,10/7/2020,612657205
Empower Ltd.,10/7/2020,G3R39W128
TPG Pace Tech Opportunities Corp.,10/6/2020,
TPG Pace Beneficial Finance Corp.,10/6/2020,
NextGen Acquisition Corp.,10/6/2020,G65305115
FirstMark Horizon Acquisition Corp.,10/5/2020,33765Y200
Sports Entertainment Acquisition Corp.,10/2/2020,84918M205
Vy Global Growth,10/2/2020,G9444H126
ION Acquisition Corp. 1 Ltd.,10/1/2020,
Atlantic Avenue Acquisition Corp.,10/1/2020,04906P200
AEA-Bridges Impact Corp.,10/1/2020,G01046120
Apollo Strategic Growth Capital,10/1/2020,G0411R122
Avanti Acquisition Corp.,10/1/2020,G0682V117
VG Acquisition Corp.,10/1/2020,
IG Acquisition Corp,9/30/2020,449534205
Recharge Acquisition Corporation,9/30/2020,756229209
Altimeter Growth Corp.,9/30/2020,
Qell Acquisition Corp.,9/30/2020,
FG New America Acquisition Corp.,9/29/2020,30259V205
Vesper Healthcare Acquisition Corp,9/29/2020,92538T203
Climate Change Crisis Real Impact I Acquisition Corp,9/29/2020,18716C209
Vector Acquisition Corp.,9/24/2020,
FinTech Acquisition Corp. IV,9/24/2020,31810N302
Aspirational Consumer Lifestyle Corp,9/23/2020,
Peridot Acquisition Corp.,9/23/2020,
VPC Impact Acquisition Holdings,9/22/2020,
ArcLight Clean Transition Corp.,9/22/2020,
PMV Consumer Acquisition Corp.,9/21/2020,693486201
Falcon Capital Acquisition Corp.,9/21/2020,30606L207
North Mountain Merger Corp.,9/18/2020,661204206
Alpha Healthcare Acquisition Corp.,9/17/2020,020751202
ACON S2 Acquisition Corp.,9/17/2020,G00748122
Executive Network Partnering Corp.,9/16/2020,30158L209
Reinvent Technology Partners,9/16/2020,
Equity Distribution Acquisition Corp.,9/16/2020,29465E205
Oaktree Acquisition Corp. II,9/16/2020,G6715X129
Sandbridge Acquisition Corp.,9/15/2020,799793203
Software Acquisition Group Inc. II,9/14/2020,83407F200
Broadstone Acquisition Corp.,9/11/2020,G1739V118
"Ribbit LEAP, Inc.",9/11/2020,G7552B121
TWC Tech Holdings II Corp.,9/10/2020,90117G204
Prime Impact Acquisition I,9/10/2020,G61074111
Starboard Value Acquisition Corp.,9/10/2020,85521J208
Tortoise Acquisition Corp. II,9/10/2020,
"NavSight Holdings, Inc.",9/9/2020,639358209
Cohn Robbins Holdings Corp.,9/8/2020,G23726121
"Industrial Tech Acquisitions, Inc.",9/8/2020,456357201
BCTG Acquisition Corp.,9/3/2020,
HighCape Capital Acquisition Corp.,9/3/2020,42984L204
Tailwind Acquisition Corp.,9/3/2020,87403Q201
INSU Acquisition Corp. II,9/2/2020,457821304
"CM Life Sciences, Inc.",9/1/2020,18978W208
CF Finance Acquisition Corp. II,8/27/2020,15725Q203
Burgundy Technology Acquisition Corp.,8/26/2020,G1702T132
Horizon Acquisition Corp.,8/25/2020,
FTAC Olympus Acquisition Corp.,8/25/2020,
Colonnade Acquisition Corp.,8/20/2020,
FAST Acquisition Corp.,8/20/2020,311875207
Forum Merger III Corp.,8/18/2020,349885202
Foley Trasimene Acquisition Corp. II,8/18/2020,344328208
Northern Genesis Acquisition Corp.,8/17/2020,66516T203
one,8/17/2020,
Star Peak Energy Transition Corp.,8/17/2020,855185203
"dMY Technology Group, Inc. II",8/14/2020,233277201
Dragoneer Growth Opportunities Corp.,8/13/2020,
Lionheart Acquisition Corp. II,8/13/2020,53625R203
FS Development Corp.,8/12/2020,
RedBall Acquisition Corp.,8/12/2020,G7417R121
Fortress Value Acquisition Corp. II,8/11/2020,349642207
Vistas Media Acquisition Company Inc.,8/7/2020,92840T206
BowX Acquisition Corp.,8/7/2020,103085205
Holicity Inc.,8/7/2020,435063201
Yucaipa Acquisition Corp.,8/6/2020,G9879L121
Health Sciences Acquisitions Corp. 2,8/6/2020,
ARYA Sciences Acquisition Corp. III,8/6/2020,
Kismet Acquisition One Corp.,8/5/2020,
Gores Holdings V Inc.,8/5/2020,382864205
GO Acquisition Corp.,8/4/2020,362019200
CC Neuberger Principal Holdings II,7/31/2020,G3166T129
NewHold Investment Corp.,7/30/2020,651448201
E.Merge Technology Acquisition Corp.,7/30/2020,26873Y203
Churchill Capital Corp. IV,7/30/2020,171439201
Ascendant Digital Acquisition Corp.,7/28/2020,
ACE Convergence Acquisition Corp.,7/28/2020,
East Resources Acquisition Co.,7/27/2020,274681204
"Pershing Square Tontine Holdings, Ltd.",7/24/2020,71531R208
Property Solutions Acquisition Corp.,7/24/2020,74348Q207
Greencity Acquisition Corp.,7/23/2020,G4086B115
Deerfield Healthcare Technology Acquisitions Corp.,7/21/2020,244413209
Malacca Straits Acquisition Co Ltd,7/17/2020,
D8 Holdings Corp.,7/17/2020,
Artius Acquisition Inc.,7/16/2020,04316G204
PTK Acquisition Corp.,7/15/2020,69375F207
HPX Corp.,7/15/2020,G32219118
Research Alliance Corp. I,7/10/2020,
Capstar Special Purpose Acquisition Corp.,7/7/2020,14070Y200
GS Acquisition Holdings Corp. II,7/2/2020,36258Q204
Panacea Acquisition Corp.,7/1/2020,698102209
Fusion Acquisition Corp.,6/30/2020,36118H204
Kensington Capital Acquisition Corp.,6/30/2020,490073202
Brilliant Acquisition Corp.,6/26/2020,G1643W103
Trebia Acquisition Corp.,6/19/2020,G9027T125
Hudson Executive Investment Corp.,6/11/2020,443761200
Mountain Crest Acquisition Corp,6/9/2020,62401M205
ARYA Sciences Acquisition Corp II,6/4/2020,
Foley Trasimene Acquisition Corp.,5/29/2020,34431F203
Longview Acquisition Corp.,5/26/2020,543195200
B. Riley Principal Merger Corp. II,5/22/2020,05600U205
Novus Capital Corp.,5/19/2020,67012U207
Jaws Acquisition Corp.,5/18/2020,
"GigCapital3, Inc.",5/15/2020,37519D206
Live Oak Acquisition Corp.,5/8/2020,53804F202
Sustainable Opportunities Acquisition Corp.,5/8/2020,
Roth CH Acquisition I Co.,5/7/2020,778675207
Collective Growth Corp.,5/5/2020,19424L200
Fortress Value Acquisition Corp.,5/4/2020,34962V205
Social Capital Hedosophia Holdings Corp. II,4/30/2020,
CC Neuberger Principal Holdings I,4/28/2020,
Chardan Healthcare Acquisition 2 Corp.,4/28/2020,15957T206
Social Capital Hedosophia Holdings Corp. III,4/24/2020,
DFP Healthcare Acquisitions Corp.,3/13/2020,23343Q209
LifeSci Acquisition Corp.,3/10/2020,53228P208
Flying Eagle Acquisition Corp.,3/5/2020,34407Y202
East Stone Acquisition Corp.,2/24/2020,
"dMY Technology Group, Inc.",2/20/2020,233253202
Newborn Acquisition Corp.,2/19/2020,
Churchill Capital Corp. III,2/19/2020,17144C203
Yunhong International,2/18/2020,
Greenrose Acquisition Corp.,2/13/2020,395392202
CITIC Capital Acquisition Corp.,2/10/2020,G21513125
InterPrivate Acquisition Corp.,2/6/2020,46064A202
"Gores Holdings IV, Inc.",1/28/2020,382865202
SCVX Corp.,1/28/2020,G79448109
CIIG Merger Corp.,12/17/2019,12559C202
Healthcare Merger Corp.,12/17/2019,42227L201
LIV Capital Acquisition Corp.,12/13/2019,G5510C124
Alussa Energy Acquisition Corp.,11/29/2019,
PropTech Acquisition Corp.,11/26/2019,74349F200
CHP Merger Corp.,11/26/2019,12558Y205
Amplitude Healthcare Acquisition Corp.,11/22/2019,03212A204
Software Acquisition Group Inc.,11/22/2019,83406B200
GreenVision Acquisition Corp.,11/21/2019,39678G202
Stable Road Acquisition Corp.,11/13/2019,85236Q208
"Juniper Industrial Holdings, Inc.",11/13/2019,48205G205
LGL Systems Acquisition Corp.,11/12/2019,50201G205
Merida Merger Corp. I,11/7/2019,58953M205
Osprey Technology Acquisition Corp.,11/5/2019,68839R401
FinServ Acquisition Corp.,11/5/2019,318085206
Union Acquisition Corp. II,10/22/2019,
Galileo Acquisition Corp.,10/22/2019,
Apex Technology Acquisition Corp.,9/19/2019,03768F201
Experience Investment Corp.,9/17/2019,30217C208
New Providence Acquisition Corp.,9/13/2019,64822P205
"Thunder Bridge Acquisition II, Ltd.",8/13/2019,
Silver Spike Acquisition Corp.,8/12/2019,
Orisun Acquisition Corp.,8/6/2019,68632T208
Netfin Acquisition Corp.,8/2/2019,
Switchback Energy Acquisition Corp.,7/30/2019,87105M201
Fellazo Inc.,7/29/2019,
SC Health Corp.,7/22/2019,
Oaktree Acquisition Corp.,7/22/2019,
Conyers Park II Acquisition Corp.,7/22/2019,212896203
Pivotal Investment Corp. II,7/16/2019,72582K209
Tuscan Holdings Corp. II,7/16/2019,90070A202
Churchill Capital Corp. II,7/1/2019,17143G205
South Mountain Merger Corp.,6/24/2019,838884203
Haymaker Acquisition Corp. II,6/12/2019,42087L200
"GigCapital2, Inc.",6/10/2019,375036209
Proficient Alpha Acquisition Corp.,6/3/2019,74317H204
GX Acquisition Corp.,5/23/2019,36251A206
AGBA Acquisition Ltd.,5/16/2019,
Diamond Eagle Acquisition Corp.,5/14/2019,25258L208
Health Sciences Acquisitions Corp.,5/14/2019,45258J201
"Landcadia Holdings II, Inc.",5/9/2019,51476X204
Act II Global Acquisition Corp.,4/30/2019,
B. Riley Principal Merger Corp.,4/11/2019,05586Y205
Replay Acquisition Corp.,4/8/2019,
8i Enterprises Acquisition Corp.,4/1/2019,
Insurance Acquisition Corp.,3/22/2019,457867307
Trine Acquisition Corp.,3/19/2019,89628U207
Crescent Acquisition Corp.,3/12/2019,22564L204
Tuscan Holdings Corp.,3/7/2019,90069K203
Hennessy Capital Acquisition Corp. IV,3/5/2019,42589C203
DiamondPeak Holdings Corp.,3/4/2019,25280H209
Tortoise Acquisition Corp.,3/4/2019,89154L209
Acamar Partners Acquisition Corp.,2/26/2019,004285201
RMG Acquisition Corp.,2/12/2019,749641205
Monocle Acquisition Corp.,2/11/2019,609754205
Wealthbridge Acquisition Ltd.,2/8/2019,
"Gores Metropoulos, Inc.",2/5/2019,382872208
Pivotal Acquisition Corp.,2/4/2019,72583A200
Andina Acquisition Corp. III,1/31/2019,
Chardan Healthcare Acquisition Corp.,12/18/2018,09090D202
CF Finance Acquisition Corp.,12/17/2018,12528N206
Schultze Special Purpose Acquisition Corp.,12/13/2018,80821R208
FinTech Acquisition Corp. III,11/20/2018,31811A309
AMCI Acquisition Corp.,11/20/2018,00165R200
Boxwood Merger Corp.,11/20/2018,10319T200
Alberton Acquisition Corp.,10/26/2018,
Graf Industrial Corp.,10/18/2018,384278206
DD3 Acquisition Corp.,10/16/2018,23318M209
EdtechX Holdings Acquisition Corp.,10/10/2018,28139A201
ARYA Sciences Acquisition Corp.,10/10/2018,
Collier Creek Holdings,10/10/2018,
ChaSerg Technology Acquisition Corp.,10/10/2018,16166A202
"Gores Holdings III, Inc.",9/11/2018,38286G208
Churchill Capital Corp.,9/11/2018,17142R202
Longevity Acquisition Corp.,8/31/2018,
Megalith Financial Acquisition Corp.,8/28/2018,58518F208
Tenzing Acquisition Corp.,8/23/2018,
TKK Symphony Acquisition Corp.,8/20/2018,
Spartan Energy Acquisition Corp.,8/14/2018,
Forum Merger II Corp.,8/7/2018,34986F202
Tottenham Acquisition I Ltd.,8/6/2018,
Greenland Acquisition Corp.,7/27/2018,
Allegro Merger Corp.,7/6/2018,01749N301
New Frontier Corp.,7/3/2018,
HL Acquisitions Corp.,7/2/2018,
LF Capital Acquisition Corp.,6/22/2018,50200K207
Twelve Seas Investment Co.,6/22/2018,
Thunder Bridge Acquisition Ltd.,6/18/2018,
Far Point Acquisition Corp.,6/14/2018,
GS Acquisition Holdings Corp.,6/12/2018,92537N207
Trident Acquisitions Corp.,6/1/2018,89615T205
VectoIQ Acquisition Corp.,5/18/2018,
Trinity Merger Corp.,5/17/2018,89653L205
Pure Acquisition Corp.,4/17/2018,74621Q205
Tiberius Acquisition Corp.,3/20/2018,88633A206
Opes Acquisition Corp.,3/16/2018,68373P209
Union Acquisition Corp.,3/2/2018,
DFB Healthcare Acquisition Corp.,2/21/2018,23291E208
Leo Holdings Corp.,2/15/2018,
Mudrick Capital Acquisition Corp.,2/12/2018,62477L206
Gordon Pointe Acquisition Corp.,1/30/2018,382788206
Mtech Acquisition Corp.,1/29/2018,55378W206
One Madison Corp.,1/22/2018,
Platinum Eagle Acquisition Corp.,1/17/2018,727653206
Nebula Acquisition Corp.,1/12/2018,629076209
"GigCapital, Inc.",12/8/2017,37518N205
Leisure Acquisition Corp.,12/5/2017,52539T206
Regalwood Global Energy Ltd.,12/5/2017,
Big Rock Acquisition Partners Corp.,11/22/2017,089482202
Legacy Acquisition Corp.,11/17/2017,524643202
Sentinel Energy Services Inc.,11/7/2017,81728P204
CM Seven Star Acquisition Corp.,10/30/2017,
Haymaker Acquisition Corp.,10/27/2017,420870206
Mosaic Acquisition Corp.,10/23/2017,61946M209
Black Ridge Acquisition Corp.,10/10/2017,09216T206
Social Capital Hedosophia Holdings Corp.,9/18/2017,92766K205
Draper Oakwood Technology Acquisition Inc.,9/15/2017,26146L202
I-AM Capital Acquisition Co.,8/22/2017,45074Q207
Capitol Investment Corp. IV,8/21/2017,
Atlantic Acquisition Corp.,8/14/2017,048206205
Industrea Acquisition Corp.,8/1/2017,45579J203
Pensare Acquisition Corp.,8/1/2017,70957E204
Osprey Energy Acquisition Corp.,7/26/2017,688397207
Federal Street Acquisition Corp.,7/24/2017,31421V206
TPG Pace Holdings Corp.,6/30/2017,
Constellation Alpha Capital Corp.,6/23/2017,
Bison Capital Acquisition Corp.,6/23/2017,11374E203
Hennessy Capital Acquisition Corp. III,6/23/2017,42588L204
KBL Merger Corp. IV,6/7/2017,48242A203
Modern Media Acquisition Corp.,5/17/2017,60765P202
National Energy Services Reunited Corp.,5/12/2017,
TPG Pace Energy Holdings Corp.,5/10/2017,872656202
Vantage Energy Acquisition Corp.,4/17/2017,92211L204
Forum Merger Corp.,4/12/2017,34985B202
Kayne Anderson Acquisition Corp.,4/4/2017,48661U201
Silver Run Acquisition Corp. II,3/29/2017,82812A202
Matlin & Partners Acquisition Corp.,3/10/2017,57682V205
FinTech Acquisition Corp. II,1/19/2017,31810G208
"Gores Holdings II, Inc.",1/12/2017,382867208
Hunter Maritime Acquisition Corp.,11/23/2016,
GTY Technology Holdings Inc.,11/1/2016,
Avista Healthcare Public Acquisition Corp.,10/14/2016,G07247110
Saban Capital Acquisition Corp.,9/21/2016,78516C205
"M I Acquisitions, Inc.",9/13/2016,74275G206
Stellar Acquisition III Inc.,8/24/2016,
Conyers Park Acquisition Corp.,7/14/2016,212894208
M III Acquisition Corp.,7/7/2016,55378T203
"Landcadia Holdings, Inc.",6/1/2016,51476W206
CF Corp.,5/25/2016,
KLR Energy Acquisition Corp.,3/16/2016,777385204
Jensyn Acquisition Corp.,3/7/2016,47632B201
Silver Run Acquisition Corp.,2/29/2016,82811P200
,,
